aathsevilla.blogspot.com.warc.gz,0
abaccobaleares.org.warc.gz,0
acabebizkaia.org.warc.gz,0
acecan.wordpress.com.warc.gz,0
acinar.es.warc.gz,0
actagastro.org.warc.gz,9
adaalfaro.blogspot.com.warc.gz,0
adabe.org.warc.gz,30
adaner.org.warc.gz,0
aeeed.com.warc.gz,0
aeeorl.es.warc.gz,1
aeomc.blogspot.com.warc.gz,0
aepef.org.warc.gz,5
aepovac.es.warc.gz,0
aetr.net.warc.gz,0
afaga.com.warc.gz,3
afaibi.wordpress.com.warc.gz,0
afalaroda.es.warc.gz,2
afalasrozas.org.warc.gz,0
afalu.org.warc.gz,0
afarenacer.blogspot.com.warc.gz,0
afasierramagina.blogspot.com.warc.gz,0
afavalles.com.warc.gz,0
afeammiajadas.blogspot.com.warc.gz,0
agaela.es.warc.gz,0
agmasid.wordpress.com.warc.gz,0
agoracademia.cat.warc.gz,0
alborancentromedico.com.warc.gz,0
alcer.org.warc.gz,1
alcrebitealzheimer.blogspot.com.warc.gz,0
alergiaweb.com.warc.gz,0
alfinsalud.com.warc.gz,0
alimentosparadiabeticos.blogspot.com.warc.gz,0
alimentospedia.com.warc.gz,0
altiplanosalud.com.warc.gz,0
alzheimerarahal.blogspot.com.warc.gz,0
alzheimerlaciana.es.warc.gz,2
alzheimerleon.es.warc.gz,0
alzheimervillena.blogspot.com.warc.gz,0
amacmec.org.warc.gz,0
amarantoterapiaocupacional.com.warc.gz,0
amdea.es.warc.gz,0
amepo.org.warc.gz,0
amf-semfyc.com.warc.gz,0
amicat12.wordpress.com.warc.gz,0
analesdepediatria.org.warc.gz,80
anatomiauv.jimdo.com.warc.gz,0
anestesialicante.com.warc.gz,0
anhidacoruna.com.warc.gz,0
animacentre.com.warc.gz,0
annalsdelsagratcor.wordpress.com.warc.gz,0
anticoagulados.org.warc.gz,0
apec.org.mx.warc.gz,0
aplamancha.blogspot.com.warc.gz,0
apoyopositivo.org.warc.gz,0
aptimacentreclinic.com.warc.gz,2
apuntesudomedicina.wordpress.com.warc.gz,0
ariadnagonzalezpsicologa.es.warc.gz,0
armonicosdeconciencia.blogspot.com.warc.gz,9
ascama.org.warc.gz,0
asenhoa.es.warc.gz,0
asocaliste.blogspot.com.warc.gz,0
asociacionabaimar.es.warc.gz,0
asociacionalzheimerhuercalovera.blogspot.com.warc.gz,0
asociacionluzdelamancha.wordpress.com.warc.gz,14
aspanijer.org.warc.gz,0
aspanion.es.warc.gz,0
asyd.es.warc.gz,0
atensionprimaria.wordpress.com.warc.gz,11
atusalud.blogspot.com.warc.gz,0
auditoriamedica.wordpress.com.warc.gz,0
aupsicomotricidad.org.warc.gz,0
auxiliarenfermeriasgc.blogspot.com.warc.gz,0
ayucaronda.blogspot.com.warc.gz,0
barcelonamaculafound.org.warc.gz,0
bbhi.cat.warc.gz,0
benviure.com.warc.gz,0
bifap.aemps.es.warc.gz,0
biotenk.com.ar.warc.gz,0
blefaroplastia.es.warc.gz,0
blocfarminfo.ub.edu.warc.gz,2
blogbioeticaybioderecho.blogspot.com.warc.gz,0
blogdelhipertenso.blogspot.com.warc.gz,0
blog.fundacionglobalsalud.es.warc.gz,0
blogsclerosismultiple.wordpress.com.warc.gz,0
blogs.eltiempo.com.warc.gz,25
borinot-mseguid.blogspot.com.warc.gz,0
campussanofi.es.warc.gz,0
cancerdecabezaycuello.org.warc.gz,0
cancerprostata.info.warc.gz,0
cancersintomas.com.warc.gz,0
capacidadesespeciales.blogspot.com.warc.gz,0
capsantjoanics.wordpress.com.warc.gz,0
carreracancerpancreas.es.warc.gz,4
cateterdoblejota.com.warc.gz,0
ccimmunologia.wordpress.com.warc.gz,0
cenf4.blogspot.com.warc.gz,0
cenie.eu.warc.gz,0
centromedicoavanza.com.warc.gz,0
centromedicomilenium-nicasiogallego.sanitas.es.warc.gz,0
centrosaludmedinadelcampo.blogspot.com.warc.gz,0
centro-transfusion.san.gva.es.warc.gz,0
cimcyc.ugr.es.warc.gz,0
cirugiaplastica.review.warc.gz,0
cirujanosplasticosnicaragua.com.warc.gz,0
clinicaazahares.com.warc.gz,0
clinicaepsylon.com.warc.gz,0
clinicafuensanta.com.warc.gz,0
clinicasantjordi.com.warc.gz,0
cmvademecum.es.warc.gz,0
colegiodemedicos.es.warc.gz,2
colegioenfermeriacaceres.org.warc.gz,3
comerbienesdivertido.blogspot.com.warc.gz,0
comerparavenceralcancer.com.warc.gz,1
continuum.aeped.es.warc.gz,0
curaesalud.com.warc.gz,0
deseomedicinal.blogspot.com.warc.gz,0
diamundialautismo.com.warc.gz,0
dianacuesta.com.warc.gz,7
diariodecuidados.wordpress.com.warc.gz,0
diariosanitario.com.warc.gz,0
dkvclubdesalud.dkvseguros.com.warc.gz,0
docenciaalgemesi.blogspot.com.warc.gz,0
docenciacalvia.com.warc.gz,0
doctablet.com.warc.gz,0
donaciondeorganos.gov.warc.gz,6
dracocomarch.com.warc.gz,0
edu-in.blogspot.com.warc.gz,0
ehealthdonostia.com.warc.gz,0
elblogdelaaafh.wordpress.com.warc.gz,0
elblogdezoe.es.warc.gz,0
eldiariodesalud.com.warc.gz,0
emalbacete.es.warc.gz,1
emergenciasmadrid.com.warc.gz,0
enfeps.blogspot.com.warc.gz,0
enferhemoes.blogspot.com.warc.gz,0
enfermerabloguerasite.wordpress.com.warc.gz,0
enfermeradetrinchera.blogspot.com.warc.gz,0
enfermeriacreativa.com.warc.gz,0
enfermeriaenlasombra.blogspot.com.warc.gz,0
enfermeriaysalud.es.warc.gz,0
enmovimiento.enfermerianavarra.com.warc.gz,0
entrechem.com.warc.gz,0
ep-ad.org.warc.gz,4
epanoramix.wordpress.com.warc.gz,0
epilepsiacantabria.blogspot.com.warc.gz,0
epilepsiaesagranincomprendida.es.warc.gz,0
epiymas.blogspot.com.warc.gz,0
equipopoe.es.warc.gz,5
escalerasessalud.wordpress.com.warc.gz,0
escuela.diariomedico.com.warc.gz,0
es.familydoctor.org.warc.gz,0
es.movember.com.warc.gz,0
espanol.arthritis.org.warc.gz,0
espanol.stjude.org.warc.gz,0
espinabifida.cat.warc.gz,0
es.pneumowiki.org.warc.gz,0
europacolonespana.org.warc.gz,1
experienciasensaluddesdecastrillon.blogspot.com.warc.gz,0
facultad-de-medicina-blog.webnode.es.warc.gz,4
farmaceuticoscomunitarios.org.warc.gz,0
farmaciabolos.com.warc.gz,0
farmacosalud.com.warc.gz,0
feacab.org.warc.gz,0
fedaes.org.warc.gz,9
feiipr.org.warc.gz,0
femh.org.warc.gz,0
fepa.es.warc.gz,0
fertilab.com.warc.gz,0
fibrosisquistica.org.warc.gz,1
fisiomedcervera.com.warc.gz,2
fisioterapiaoncologica.org.warc.gz,0
florenciaruisenor.blogspot.com.warc.gz,0
fmedicina.uib.es.warc.gz,1
fobiasraras.com.warc.gz,0
formacion.seguridaddelpaciente.es.warc.gz,0
formantia.es.warc.gz,1
foro.estudiabetes.org.warc.gz,15
fue-estambul.es.warc.gz,0
fundacionanaed.es.warc.gz,0
fundacionestivillsueno.org.warc.gz,6
fundaciongasparcasal.org.warc.gz,0
getm.sen.es.warc.gz,3
grupo.farmaciastrebol.com.warc.gz,0
hablandoesalud.wordpress.com.warc.gz,0
hacemosmedicina.jimdo.com.warc.gz,0
halitus.com.warc.gz,4
herculessalud.com.warc.gz,0
hipocrates.tripod.com.warc.gz,0
hiponatremia.net.warc.gz,0
hospiten.com.warc.gz,0
hugu.sescam.jccm.es.warc.gz,0
icscampdetarragona.cat.warc.gz,0
infodoctor.org.warc.gz,0
inforeuma.com.warc.gz,2
inprf.gob.mx.warc.gz,20
ins.salud.gob.sv.warc.gz,2
institutobiomedicina.unileon.es.warc.gz,0
investigaciones-biomedicas.com.warc.gz,0
keramat.es.warc.gz,0
labataroja.com.warc.gz,0
labrujanocturna.blogspot.com.warc.gz,0
lactosa.org.warc.gz,0
laesaludquequeremos.blogspot.com.warc.gz,0
lafun.com.ar.warc.gz,0
lideresensalud.com.warc.gz,0
localizarlasalud.blogspot.com.warc.gz,0
loquetumediconotecuenta.blogspot.com.warc.gz,0
lupusvalencia.org.warc.gz,0
mediblogdefamilia.wordpress.com.warc.gz,0
medicina21.com.warc.gz,0
medicinaapuntes.blogspot.com.warc.gz,0
medicinadeportivamadrid.com.warc.gz,0
medicinafamiliar.uc.cl.warc.gz,0
medicina.ucm.es.warc.gz,28
medicinaysaludpublica.com.warc.gz,0
medicodesalud.com.warc.gz,0
meiga.info.warc.gz,0
metabolicas.sjdhospitalbarcelona.org.warc.gz,0
miastenia.ong.warc.gz,0
miradiofrecuenciafacial.com.warc.gz,0
miricinaparatodos.blogspot.com.warc.gz,0
movernos.com.warc.gz,0
netespana.org.warc.gz,0
neural.es.warc.gz,5
neurologia.diariomedico.com.warc.gz,0
neurorgs.net.warc.gz,0
nofun-eva.blogspot.com.warc.gz,0
nosinevidencia.wordpress.com.warc.gz,0
nosinmialergia.blogspot.com.warc.gz,0
nutricionenlauem.wordpress.com.warc.gz,0
nutrimas.es.warc.gz,0
oafifoundation.com.warc.gz,0
ocularis.es.warc.gz,0
onahepatitis.org.warc.gz,0
on-enfermeria.com.warc.gz,1
osakidetzainfo.blogspot.com.warc.gz,2
osalde.org.warc.gz,54
pacienteradiologia.blogspot.com.warc.gz,0
pacientes.seicap.es.warc.gz,0
pediatrialluisalcanyis.com.warc.gz,1
plantasnet.blogspot.com.warc.gz,0
plussalud.com.ar.warc.gz,0
policlinicacomarcaldelvendrell.es.warc.gz,0
polimedicado.org.warc.gz,0
portal.guiasalud.es.warc.gz,0
portal.inen.sld.pe.warc.gz,2
posadasafama.blogspot.com.warc.gz,0
premedios.com.warc.gz,0
presoterapia.review.warc.gz,0
profesionales.adamedtv.com.warc.gz,0
psicoanalistasenmalaga.es.warc.gz,0
psicogerontologia.org.warc.gz,20
psicologiareproductivahoy.wordpress.com.warc.gz,0
psoriasisenred.org.warc.gz,4
quierocuidarme.dkvsalud.es.warc.gz,4
reflexionesdeunenfermero.blogspot.com.warc.gz,0
regic.org.warc.gz,8
rehabilitacionpremiummadrid.com.warc.gz,18
revistadeosteoporosisymetabolismomineral.com.warc.gz,0
revistafarmanatur.com.warc.gz,0
revistasentir.com.warc.gz,0
revitacellclinic.com.warc.gz,0
sagueda.com.warc.gz,0
salientedeguardia.blogspot.com.warc.gz,0
saluddineroy.blogspot.com.warc.gz,0
saludineroap.blogspot.com.warc.gz,453
saludinvestiga.blogspot.com.warc.gz,25
saludsinbulos.com.warc.gz,0
saludybienestarcampodecriptana.blogspot.com.warc.gz,0
saludypoder.blogspot.com.warc.gz,0
salutmental.csa.cat.warc.gz,0
sedisa.net.warc.gz,6
sefm.es.warc.gz,1
seminario18.biomedicinayetica.org.warc.gz,0
sepeap.org.warc.gz,2
seram.es.warc.gz,16
sergiiglesia.blogspot.com.warc.gz,0
sergiovano.blogspot.com.warc.gz,3
serralco.es.warc.gz,0
serveisclinics.com.warc.gz,21
serv.es.warc.gz,0
sescam.castillalamancha.es.warc.gz,17
sevillapromocionasalud.blogspot.com.warc.gz,0
sindromewilliamscantabria.blogspot.com.warc.gz,0
socialmediatica.com.warc.gz,0
spark.adobe.com.warc.gz,0
stopsida.org.warc.gz,0
teledoc.urv.es.warc.gz,0
telemedicalcalidaddevida.es.warc.gz,0
tengasalud.es.warc.gz,0
tevafarmacia.es.warc.gz,0
ubes.es.warc.gz,0
ucienf.blogspot.com.warc.gz,0
uciperu.com.warc.gz,0
ucmb.edu.py.warc.gz,0
urologiaaplicada.com.warc.gz,0
urologiadmr.es.warc.gz,0
varimed.ugr.es.warc.gz,0
veritassanitatis.com.warc.gz,0
videlajuan.blogspot.com.warc.gz,0
videoteca.farmaceuticosdesevilla.es.warc.gz,3
vostmadrid.org.warc.gz,0
webs.academia.cat.warc.gz,0
ww2.castellon.san.gva.es.warc.gz,0
www.aaacancer.org.warc.gz,0
www.acaai.co.warc.gz,0
www.acaci.es.warc.gz,0
www.acalefyc.com.warc.gz,0
www.accordsalud.com.ar.warc.gz,0
www.acnefi.org.warc.gz,0
www.acoare.es.warc.gz,0
www.activalasalud.com.warc.gz,0
www.adacebur.org.warc.gz,0
www.adaceclm.org.warc.gz,0
www.adaceco.org.warc.gz,0
www.adahta.es.warc.gz,0
www.ademaescuelauniversitaria.com.warc.gz,15
www.aeasarcomas.org.warc.gz,3
www.aeemt.com.warc.gz,0
www.aelfa.org.warc.gz,0
www.aeoc.org.warc.gz,41
www.aepcc.org.warc.gz,1
www.aepnaa.org.warc.gz,0
www.aepsal.com.warc.gz,2
www.aerscyl.org.warc.gz,0
www.aeseg.es.warc.gz,2
www.aes.es.warc.gz,0
www.aespw.org.warc.gz,0
www.afa-araba.org.warc.gz,0
www.afabaix.org.warc.gz,0
www.afabenalmadena.org.warc.gz,0
www.afacantabria.com.warc.gz,0
www.afacayle.es.warc.gz,0
www.afadal.org.warc.gz,4
www.afads.org.warc.gz,0
www.afalcala.org.warc.gz,0
www.afalct.org.warc.gz,0
www.afamacocentaina.org.warc.gz,0
www.afamaresme.org.warc.gz,0
www.afamon.com.warc.gz,0
www.afamuro.org.warc.gz,0
www.afanion.org.warc.gz,1
www.afapozuelo.org.warc.gz,0
www.afasantamarina.es.warc.gz,0
www.afatalavera.es.warc.gz,0
www.afavaldepenas.com.warc.gz,0
www.afavc.cat.warc.gz,0
www.afavejer.org.warc.gz,0
www.afaxixona.es.warc.gz,0
www.afectamur.es.warc.gz,0
www.afedaz.es.warc.gz,0
www.agorasanitaria.com.warc.gz,0
www.ahiadec.com.warc.gz,0
www.alcercantabria.com.warc.gz,1
www.alcoholicos-anonimos.org.warc.gz,0
www.alcon.es.warc.gz,0
www.alergo.cat.warc.gz,0
www.aliansalud.com.co.warc.gz,0
www.alliance-healthcare.es.warc.gz,0
www.alzfae.org.warc.gz,0
www.alzheimerastorga.es.warc.gz,2
www.alzheimeravila.com.warc.gz,1
www.alzheimerosona.com.warc.gz,0
www.alzheimersevilla.com.warc.gz,0
www.alzheimerzamora.com.warc.gz,2
www.amisuco.org.warc.gz,0
www.ampap.es.warc.gz,6
www.ampros.org.warc.gz,1
www.anatomiamv.es.warc.gz,0
www.andrearegina.com.warc.gz,0
www.anlis.gov.ar.warc.gz,3
www.apascide.org.warc.gz,374
www.aquilea.com.warc.gz,0
www.areasaludbadajoz.com.warc.gz,12
www.areasaludcaceres.es.warc.gz,21
www.argentinadiabetes.org.warc.gz,1
www.arpaafasia.es.warc.gz,0
www.asalfa.org.ar.warc.gz,0
www.asanhemo.org.warc.gz,0
www.ascolcyl.org.warc.gz,2
www.asecma.org.warc.gz,0
www.asemmadrid.org.warc.gz,0
www.asmamadrid.org.warc.gz,0
www.asmanet.es.warc.gz,0
www.asociacionarme.org.warc.gz,1
www.asociacionauvea.es.warc.gz,0
www.asociacion-caminando.org.warc.gz,0
www.asocide.org.warc.gz,0
www.aspronis.com.warc.gz,0
www.astursalud.es.warc.gz,1
www.atlantida.net.warc.gz,0
www.aucex.es.warc.gz,0
www.avantmedic.com.warc.gz,0
www.aveaca.org.ar.warc.gz,0
www.avericum.com.warc.gz,0
www.avpap.org.warc.gz,0
www.azusalud.com.warc.gz,0
www.b1b2b3.org.warc.gz,0
www.bancofarmaceutico.es.warc.gz,0
www.bcnpatolegs.com.warc.gz,0
www.behcet.es.warc.gz,0
www.bibliosalut.com.warc.gz,3
www.biodonostia.org.warc.gz,42
www.biopat.es.warc.gz,0
www.biosim.es.warc.gz,0
www.blog.iacsaragon.es.warc.gz,0
www.borealsalud.com.ar.warc.gz,0
www.bvsspa.es.warc.gz,0
www.cabd.es.warc.gz,0
www.cadime.es.warc.gz,0
www.canaldiabetes.com.warc.gz,0
www.cancerdepiel.org.warc.gz,0
www.cancer.net.warc.gz,11
www.cancer.org.warc.gz,149
www.cantabrialabs.es.warc.gz,0
www.carlosboveda.com.warc.gz,0
www.carneysalud.com.warc.gz,0
www.casadesalud.es.warc.gz,2
www.ccmijesususon.com.warc.gz,0
www.ceife.es.warc.gz,0
www.celiacos.org.warc.gz,0
www.centromedicobenviure.com.warc.gz,0
www.centromedicocatalunya.com.warc.gz,0
www.centro-medico.com.warc.gz,0
www.centromedicoelcarmen.es.warc.gz,2
www.centromiguelnaranjo.com.warc.gz,0
www.centroulcerascronicas.com.warc.gz,0
www.ciber-bbn.es.warc.gz,11
www.ciberer.es.warc.gz,22
www.cibersam.es.warc.gz,14
www.ciccartuja.es.warc.gz,1
www.cienciasinseso.com.warc.gz,0
www.cifchile.cl.warc.gz,0
www.cinfasalud.com.warc.gz,0
www.cirujanosplasticosmadrid.com.warc.gz,0
www.clinica-atenea.com.warc.gz,0
www.clinicacampoamor.com.warc.gz,0
www.clinicadentalcesargallego.com.warc.gz,0
www.clinicaoliveguma.es.warc.gz,0
www.clinicaplanas.com.warc.gz,7
www.clinicareinafabiola.com.ar.warc.gz,0
www.clinicaremei.org.warc.gz,0
www.clinicasanmiguel.es.warc.gz,0
www.clinicasanseveriano.com.warc.gz,0
www.clinica-santa-elena.org.warc.gz,0
www.clinicasguadalhorce.com.warc.gz,1
www.clinicaslobo.es.warc.gz,0
www.clubdelhipertenso.es.warc.gz,0
www.cmbergueda.com.warc.gz,0
www.cmedicmartorell.com.warc.gz,0
www.cmm-sl.com.warc.gz,0
www.cmrb.eu.warc.gz,0
www.codinma.es.warc.gz,2
www.cofb.org.warc.gz,8
www.cometelasopa.com.warc.gz,0
www.concienciaynutricion.es.warc.gz,0
www.confepar.org.warc.gz,0
www.congresosemi.org.warc.gz,1
www.consalud.es.warc.gz,1
www.consejogeneralenfermeria.org.warc.gz,26
www.consultorsalud.com.warc.gz,898
www.contralameningitis.org.warc.gz,0
www.coreadehcyl.org.warc.gz,0
www.cornersalud.com.warc.gz,0
www.crecimiento.org.warc.gz,1
www.creu-blanca.es.warc.gz,0
www.cronicidadhoy.es.warc.gz,0
www.csdm.cat.warc.gz,0
www.csi.cat.warc.gz,2
www.danielandres.es.warc.gz,0
www.davidarehabilitacion.com.warc.gz,0
www.delavegaruiz.es.warc.gz,0
www.diabetenerife.org.warc.gz,0
www.diabetesinfantilcht.com.warc.gz,24
www.diabeweb.com.warc.gz,0
www.diatros.com.warc.gz,0
www.dipex.es.warc.gz,0
www.divasa-farmavic.com.warc.gz,0
www.doctorafortuny.com.warc.gz,0
www.doctordanielgonzalez.com.warc.gz,0
www.doctormartinezgutierrez.com.warc.gz,0
www.docvadis.es.warc.gz,0
www.dolordecabeza.net.warc.gz,0
www.dosemociones.com.warc.gz,0
www.drogomedia.com.warc.gz,0
www.easydna.es.warc.gz,0
www.ecured.cu.warc.gz,8
www.ee.lafe.san.gva.es.warc.gz,0
www.efisioterapia.net.warc.gz,0
www.eiviluxury.com.warc.gz,0
www.elblogazul.es.warc.gz,0
www.elea.com.warc.gz,0
www.elenaconde.com.warc.gz,0
www.elhospital.com.warc.gz,0
www.embarazoymas.net.warc.gz,0
www.emvet.es.warc.gz,0
www.ene-enfermeria.org.warc.gz,0
www.enfermeriacantabria.com.warc.gz,73
www.enfermeriaencardiologia.com.warc.gz,4
www.enfermerialava.org.warc.gz,0
www.enfermeriaperu.com.warc.gz,0
www.enfermeriarespira.es.warc.gz,0
www.enfersalud.com.warc.gz,18
www.eresa.com.warc.gz,0
www.esalud.com.warc.gz,0
www.esclerosismultiple.es.warc.gz,0
www.escueladesaludgallego.es.warc.gz,0
www.esportadaptat.cat.warc.gz,0
www.estevefarma.com.warc.gz,0
www.eunate.org.warc.gz,0
www.eupharlaw.com.warc.gz,0
www.eviclinic.es.warc.gz,0
www.eyriesalud.com.warc.gz,0
www.fac.org.ar.warc.gz,24
www.fafac.cat.warc.gz,0
www.farmaceuticoscomunitarios.org.warc.gz,0
www.fcd.cat.warc.gz,0
www.fcv.org.warc.gz,0
www.fecpc.cat.warc.gz,0
www.fedacam.org.warc.gz,0
www.fedeepilepsia.org.warc.gz,0
www.fejidif.org.warc.gz,2
www.femacpa.com.warc.gz,1
www.fem.es.warc.gz,0
www.ferato.com.warc.gz,0
www.fevafa.org.warc.gz,5
www.ffis.es.warc.gz,2
www.fibrosiquistica.org.warc.gz,0
www.fidic.org.co.warc.gz,0
www.fisiofocus.com.warc.gz,1
www.fisios.net.warc.gz,0
www.fisioterapia-online.com.warc.gz,0
www.fisioterapiaonline.com.warc.gz,0
www.fleni.org.ar.warc.gz,0
www.fontilles.org.warc.gz,0
www.for-emer.com.warc.gz,0
www.fqgalicia.org.warc.gz,0
www.fuesmen.edu.ar.warc.gz,2
www.fundaciolluisalcanyis.org.warc.gz,2
www.fundacion-alborada.org.warc.gz,0
www.fundacionalzheimer.com.warc.gz,0
www.fundacioncadah.org.warc.gz,0
www.fundaciondelcorazon.com.warc.gz,0
www.fundacionendeu.org.warc.gz,0
www.fundacionisys.org.warc.gz,0
www.fundacionpfizer.org.warc.gz,0
www.fundacionquaes.org.warc.gz,0
www.fundacionriojasalud.org.warc.gz,0
www.fundacionsalesa.org.warc.gz,0
www.fundaleu.org.warc.gz,0
www.fundesoasturias.com.warc.gz,0
www.gacetamedica.com.warc.gz,0
www.garrahan.gov.ar.warc.gz,2
www.gemasma.com.warc.gz,1
www.genyca.es.warc.gz,20
www.geosalud.com.warc.gz,0
www.gicor.es.warc.gz,0
www.grupagata.org.warc.gz,0
www.grupatra.org.warc.gz,0
www.grupgoco.org.warc.gz,0
www.grupoalter.es.warc.gz,0
www.grupogamma.com.warc.gz,0
www.gruposolti.org.warc.gz,2
www.guiadeenfermeria.org.warc.gz,0
www.guttmann.com.warc.gz,12
www.haysoluciones.com.warc.gz,0
www.hefame.es.warc.gz,0
www.hematologiamadrid.org.warc.gz,0
www.hemofiliabizkaia.com.warc.gz,0
www.hemofilia.cat.warc.gz,0
www.hidesaragon.org.warc.gz,2
www.hidesasturias.com.warc.gz,0
www.hmcinac.com.warc.gz,23
www.hmmadrid.com.warc.gz,27
www.hmtorrelodones.com.warc.gz,26
www.hospitalcima.es.warc.gz,0
www.hospitaldejove.com.warc.gz,0
www.hospitaldelareina.com.warc.gz,0
www.hospitallapaloma.com.warc.gz,0
www.hospitallosmadronos.es.warc.gz,2
www.hospitalprovincial.es.warc.gz,4
www.hospitalsanrafael.es.warc.gz,0
www.hospitalsantaclotilde.es.warc.gz,1
www.hospitalsierrallana.com.warc.gz,0
www.hospitalvot.es.warc.gz,0
www.hsnstore.com.warc.gz,0
www.husc.es.warc.gz,6
www.ibgm.med.uva.es.warc.gz,2
www.ibis-sevilla.es.warc.gz,125
www.ibsalut.es.warc.gz,3
www.ibv.org.warc.gz,10
www.icba.com.ar.warc.gz,0
www.icic.es.warc.gz,45
www.idiapjgol.org.warc.gz,32
www.idibaps.org.warc.gz,4
www.idic15q.com.warc.gz,0
www.idipaz.es.warc.gz,85
www.idisantiago.es.warc.gz,40
www.idisna.es.warc.gz,48
www.idissc.org.warc.gz,5
www.iecs.org.ar.warc.gz,6
www.ifibyne.fcen.uba.ar.warc.gz,3
www.ifi-promesa.com.ec.warc.gz,0
www.igerontologico.com.warc.gz,0
www.ige.sld.cu.warc.gz,0
www.iisgaliciasur.es.warc.gz,0
www.iisgm.com.warc.gz,29
www.iislafe.es.warc.gz,156
www.iis-princesa.org.warc.gz,203
www.ikerbasque.net.warc.gz,5
www.imagendiagnostica.es.warc.gz,0
www.imdsd.es.warc.gz,0
www.imedelche.com.warc.gz,0
www.imim.es.warc.gz,122
www.impulsoraysalud.com.warc.gz,0
www.inan.gov.py.warc.gz,0
www.incan-mexico.org.warc.gz,2249
www.inciensa.sa.cr.warc.gz,2
www.iner.salud.gob.mx.warc.gz,0
www.infermeravirtual.com.warc.gz,0
www.infocif.es.warc.gz,0
www.info-salud.net.warc.gz,0
www.inibic.es.warc.gz,9
www.inkafarma.com.pe.warc.gz,0
www.interalia.es.warc.gz,0
www.invesbiofarm.com.warc.gz,0
www.iram.cl.warc.gz,89
www.irflasalle.es.warc.gz,0
www.irsicaixa.es.warc.gz,2
www.isglobal.org.warc.gz,7
www.itemas.org.warc.gz,2
www.iuct.com.warc.gz,11
www.ivanesalud.com.warc.gz,0
www.ivo.es.warc.gz,68
www.jornadasbibliosalud.es.warc.gz,0
www.josemanuelpascualpascual.es.warc.gz,0
www.labolife.com.warc.gz,0
www.laboratoriosbernabo.com.warc.gz,0
www.laespanolasalud.com.warc.gz,0
www.lafactoriacuidando.com.warc.gz,0
www.laringealava.org.warc.gz,0
www.leitat.org.warc.gz,1
www.lilly.es.warc.gz,0
www.linfedemagalicia.com.warc.gz,0
www.lire.es.warc.gz,0
www.logopedasaragon.com.warc.gz,0
www.logopedascantabria.org.warc.gz,2
www.lupusvalencia.org.warc.gz,0
www.manantial-salud.com.warc.gz,0
www.marfan.es.warc.gz,0
www.marietan.com.warc.gz,0
www.mastocitosis.com.warc.gz,3
www.matiafundazioa.net.warc.gz,0
www.medblog.es.warc.gz,0
www.medicinaclara.tv.warc.gz,0
www.medicina-intensiva.com.warc.gz,0
www.medicinapersonalizadagenomica.com.warc.gz,0
www.medicinasalternativas.online.warc.gz,0
www.medicina.udl.cat.warc.gz,15
www.mediconecta.com.warc.gz,0
www.medicosdemurcia.com.warc.gz,4
www.medicosderonda.es.warc.gz,0
www.medicoslaspalmas.es.warc.gz,8
www.medicosmir.com.warc.gz,0
www.medicosresidentes.com.warc.gz,0
www.medinadiscovery.com.warc.gz,1
www.medintensiva.org.warc.gz,62
www.medscape.com.warc.gz,0
www.med.uva.es.warc.gz,2
www.melanomaespana.es.warc.gz,0
www.menarini.es.warc.gz,0
www.midietacojea.com.warc.gz,0
www.mitrestorres.com.warc.gz,0
www.montesalud.com.warc.gz,0
www.mundotorrino.com.warc.gz,0
www.muyinteresante.es.warc.gz,0
www.muysaludable.cl.warc.gz,2
www.mylan.es.warc.gz,4
www.nagen1000navarra.es.warc.gz,0
www.navarrabiomed.es.warc.gz,7
www.navarra.es.warc.gz,388
www.neuropsicolatina.org.warc.gz,0
www.newmedicaleconomics.es.warc.gz,0
www.neyro.com.warc.gz,0
www.nirco.com.warc.gz,0
www.noonanasturias.com.warc.gz,0
www.normassalud.com.warc.gz,18
www.nutricioncomunitaria.org.warc.gz,0
www.nutricion.org.warc.gz,0
www.nutriguia.com.uy.warc.gz,0
www.oftalmo.com.warc.gz,0
www.ojs.casosclinicosensaludmental.es.warc.gz,0
www.oncomed.es.warc.gz,0
www.onconocimiento.net.warc.gz,0
www.oncosalud.pe.warc.gz,0
www.ondax-scientific.com.warc.gz,0
www.onmeda.es.warc.gz,0
www.orpha.net.warc.gz,8
www.owlmetabolomics.com.warc.gz,2
www.pacientesatm.com.warc.gz,0
www.paho.org.warc.gz,25
www.palexmedical.com.warc.gz,0
www.paraninfo.es.warc.gz,0
www.parkinsonaragon.com.warc.gz,0
www.pediatriasalud.com.warc.gz,0
www.penesaludable.com.warc.gz,0
www.pfizerpro.es.warc.gz,0
www.pharmaceutical-care.org.warc.gz,0
www.phisios.com.warc.gz,0
www.picuida.es.warc.gz,9
www.pieldemariposa.es.warc.gz,0
www.pildoradeldiadespues.es.warc.gz,0
www.plataformafibromialgia.org.warc.gz,0
www.policlinicabarcelona.es.warc.gz,0
www.policlinicamaresme.com.warc.gz,0
www.portalesmedicos.com.warc.gz,11
www.practicumscript.education.warc.gz,0
www.practiser.net.warc.gz,1
www.prbb.org.warc.gz,0
www.prim.es.warc.gz,4
www.proderma.org.warc.gz,0
www.promofarma.com.warc.gz,19
www.proyectohombreva.org.warc.gz,0
www.pxe-espana.com.warc.gz,0
www.pydesalud.com.warc.gz,0
www.quierosaber.org.warc.gz,0
www.radiologyinfo.org.warc.gz,12
www.radioncologa.com.warc.gz,0
www.ramirezurologiaruberint.com.warc.gz,0
www.reap.es.warc.gz,2
www.remediospopulares.com.warc.gz,0
www.respirandoconvalor.org.warc.gz,1
www.respirar.org.warc.gz,0
www.reumatologiaclinica.org.warc.gz,19
www.revactamedicacentro.sld.cu.warc.gz,0
www.revespcardiol.org.warc.gz,107
www.revisionesasma.com.warc.gz,0
www.revistabuenasalud.es.warc.gz,0
www.revistaseden.org.warc.gz,0
www.riojasalud.es.warc.gz,15
www.rmcuerpo.net.warc.gz,0
www.rocvc.com.warc.gz,0
www.ruber.es.warc.gz,0
www.sadar.org.warc.gz,0
www.sademi.com.warc.gz,0
www.saei.org.warc.gz,9
www.salud180.com.warc.gz,0
www.saludalavista.com.warc.gz,0
www.saludalia.com.warc.gz,0
www.salud.com.sv.warc.gz,0
www.saludigestivo.es.warc.gz,0
www.saludinforma.es.warc.gz,1
www.saludmental.info.warc.gz,0
www.salusplay.com.warc.gz,2
www.sanifax.es.warc.gz,0
www.savalnet.cl.warc.gz,2
www.scias.cat.warc.gz,0
www.sci-geriatria.com.warc.gz,0
www.sdesalud.es.warc.gz,0
www.secot.es.warc.gz,22
www.sedem.org.warc.gz,0
www.seden.org.warc.gz,0
www.sediabetes.org.warc.gz,0
www.sedolor.es.warc.gz,0
www.sedyt.org.warc.gz,2
www.sefip.org.warc.gz,981
www.sefit.es.warc.gz,0
www.seicap.es.warc.gz,1
www.semfyc.es.warc.gz,10
www.semg.es.warc.gz,3
www.semicyuc.org.warc.gz,283
www.semnim.es.warc.gz,0
www.separasma.com.warc.gz,0
www.ser-salud.com.warc.gz,0
www.servicios-sanitarios-parque-centro.es.warc.gz,0
www.seth.es.warc.gz,8
www.siacardio.com.warc.gz,0
www.sindromewilliams.org.warc.gz,0
www.sindromexfragil.com.ar.warc.gz,0
www.sistemasgenomicos.com.warc.gz,0
www.socalemfyc.org.warc.gz,0
www.socidrogalcohol.org.warc.gz,4
www.sociedadvascadeurologia.com.warc.gz,8
www.sog-galicia.org.warc.gz,1
www.sollernet.com.warc.gz,0
www.solucionesong.org.warc.gz,33
www.somospacientes.com.warc.gz,80
www.sopeba.org.warc.gz,23
www.soyenfermera.es.warc.gz,0
www.supersalud.gob.cl.warc.gz,76
www.svncardio.org.warc.gz,0
www.svreumatologia.com.warc.gz,1
www.synlab.es.warc.gz,0
www.teraxis.es.warc.gz,0
www.todoestetica.com.warc.gz,3
www.torrafal.com.warc.gz,0
www.trcsalud.com.warc.gz,0
www.ttccgrupo.org.warc.gz,0
www.tuotromedico.com.warc.gz,0
www.tupediatraonline.com.warc.gz,0
www.tusplantasmedicinales.com.warc.gz,0
www.twistermedical.es.warc.gz,0
www.unamanzanaaldia.es.warc.gz,0
www.uriach.com.warc.gz,3
www.urologiacuba.com.warc.gz,0
www.urologosmadrid.com.warc.gz,0
www.uromurcia.es.warc.gz,1
www.urosassociats.com.warc.gz,0
www.urostar.com.warc.gz,0
www.varifarma.com.ar.warc.gz,0
www.viamedmonegal.com.warc.gz,0
www.viamedmontecanal.com.warc.gz,0
www.viforpharma.es.warc.gz,0
www.web.ioba.es.warc.gz,0
www.xenomica.eu.warc.gz,7
www.yolandaostomiayvida.com.warc.gz,0
yourfamilydoctor.wordpress.com.warc.gz,0
