62congreso.sefh.es.warc.gz,0
700camisetascontralaleucemia.org.warc.gz,0
aathsevilla.blogspot.com.warc.gz,0
abaccobaleares.org.warc.gz,0
abigirona.com.warc.gz,0
acabebizkaia.org.warc.gz,0
acecan.wordpress.com.warc.gz,0
aceue.blogspot.com.warc.gz,0
acifad.blogspot.com.warc.gz,0
acinar.es.warc.gz,0
actagastro.org.warc.gz,74
adaalfaro.blogspot.com.warc.gz,0
adabe.org.warc.gz,0
adai-cv.blogspot.com.warc.gz,0
adanercantabria.com.warc.gz,0
adaner.org.warc.gz,0
adc.cat.warc.gz,0
adebi.org.warc.gz,0
adicam.net.warc.gz,3
adisen.es.warc.gz,1
aecad.org.warc.gz,7
aecpal.secpal.com.warc.gz,0
aedem.org.warc.gz,4
aedv.es.warc.gz,10
aeeed.com.warc.gz,0
aeeh.es.warc.gz,13
aeeorl.es.warc.gz,1
aefaspizarra.blogspot.com.warc.gz,0
aelfatenerife.atspace.com.warc.gz,0
aeomc.blogspot.com.warc.gz,0
aepef.org.warc.gz,1
aepovac.es.warc.gz,0
aesha.org.warc.gz,0
aesni.es.warc.gz,0
aespanc.es.warc.gz,0
aetapi.org.warc.gz,16
aetr.net.warc.gz,0
aexpebadajoz.blogspot.com.warc.gz,0
afaalzhecon.blogspot.com.warc.gz,0
afaarganda.wordpress.com.warc.gz,0
afacaminar.blogspot.com.warc.gz,0
afacostadaurada.com.warc.gz,0
afadeva.es.warc.gz,0
afaelda.com.warc.gz,0
afaga.com.warc.gz,0
afaibi.wordpress.com.warc.gz,0
afalaroda.es.warc.gz,0
afalasrozas.org.warc.gz,0
afalbolanos.blogspot.com.warc.gz,0
afaltomelloso.info.warc.gz,0
afalu.org.warc.gz,0
afamarbella.org.warc.gz,0
afamarinabaixa.es.warc.gz,1
afami-miranda.com.warc.gz,0
afaosuna.com.warc.gz,0
afaranda.com.warc.gz,0
afarenacer.blogspot.com.warc.gz,0
afasierramagina.blogspot.com.warc.gz,0
afatorrevieja.es.warc.gz,0
afavalledelgenilecija.wordpress.com.warc.gz,0
afavalles.com.warc.gz,0
afeammiajadas.blogspot.com.warc.gz,0
afecancer.org.warc.gz,0
afectadoscancerdepulmon.com.warc.gz,0
afedabaloscalatravos.com.warc.gz,0
afhico.org.warc.gz,0
afibrosal.org.warc.gz,0
agaela.es.warc.gz,1
agerdameunrespiro.wordpress.com.warc.gz,0
agmasid.wordpress.com.warc.gz,0
agoracademia.cat.warc.gz,0
agoramedica.blogspot.com.warc.gz,0
ahompr.org.warc.gz,0
airemb.es.warc.gz,1
alatorax.org.warc.gz,30
alborancentromedico.com.warc.gz,0
alcercastalia.org.warc.gz,0
alcer.org.warc.gz,3
alcrebitealzheimer.blogspot.com.warc.gz,0
alergiaweb.com.warc.gz,0
alergiayasma.es.warc.gz,0
alfa1.org.es.warc.gz,1
alfinsalud.com.warc.gz,0
alimentosparadiabeticos.blogspot.com.warc.gz,0
alimentospedia.com.warc.gz,0
almanclm.es.warc.gz,3
almom.es.warc.gz,0
alopecia.men.warc.gz,0
altiplanosalud.com.warc.gz,0
aluba.org.ar.warc.gz,0
alzheicaceres.com.warc.gz,0
alzheimeralgeciras.com.warc.gz,0
alzheimerarahal.blogspot.com.warc.gz,0
alzheimerbigastro.com.warc.gz,0
alzheimercatalunya.org.warc.gz,0
alzheimerdeandujar.org.warc.gz,0
alzheimer.ecervera.cat.warc.gz,0
alzheimerinformativo.blogspot.com.warc.gz,0
alzheimerlaciana.es.warc.gz,0
alzheimerlebrija.wordpress.com.warc.gz,0
alzheimerleon.es.warc.gz,0
alzheimerlinares.org.warc.gz,0
alzheimerlucena.org.warc.gz,0
alzheimerubeda.es.warc.gz,0
alzheimervillena.blogspot.com.warc.gz,0
amacmec.org.warc.gz,1
amadag.com.warc.gz,0
amarantoterapiaocupacional.com.warc.gz,0
amate-tenerife.com.warc.gz,4
amdea.es.warc.gz,0
amece.es.warc.gz,7
amepo.org.warc.gz,0
amf-semfyc.com.warc.gz,4
amica.es.warc.gz,35
amicat12.wordpress.com.warc.gz,0
amiif.org.warc.gz,0
analesdepediatria.org.warc.gz,483
anatomiauv.jimdo.com.warc.gz,0
anediagalicia.blogspot.com.warc.gz,0
anestesialicante.com.warc.gz,0
anestesiar.org.warc.gz,10
anhidacoruna.com.warc.gz,0
animacentre.com.warc.gz,0
anisalud.com.warc.gz,2
annalsdelsagratcor.wordpress.com.warc.gz,0
anticoagulados.info.warc.gz,1
anticoagulados.org.warc.gz,0
aocamhuelva.es.warc.gz,1
aoex.es.warc.gz,0
apec.org.mx.warc.gz,16
aplamancha.blogspot.com.warc.gz,0
apoyopositivo.org.warc.gz,2
aptimacentreclinic.com.warc.gz,1
aptoca.org.warc.gz,1
apuntesauxiliarenfermeria.blogspot.com.warc.gz,0
apuntesmedicinauniversitarios.wordpress.com.warc.gz,0
apuntesudomedicina.wordpress.com.warc.gz,0
aquichan.unisabana.edu.co.warc.gz,233
aracab.com.warc.gz,0
arbada.org.warc.gz,0
archivosdemedicinadeldeporte.com.warc.gz,42
areadaludbdajozblog.wordpress.com.warc.gz,0
ariadnagonzalezpsicologa.es.warc.gz,0
armonicosdeconciencia.blogspot.com.warc.gz,0
arnedoferrer.blogspot.com.warc.gz,0
arpaafasia.es.warc.gz,0
articulos.sld.cu.warc.gz,0
artritis-escueladepacientes.blogspot.com.warc.gz,0
artritispsoriasica.org.warc.gz,0
ascama.org.warc.gz,0
ascanet.blogspot.com.warc.gz,0
asearpo.org.warc.gz,0
asemcantabria.org.warc.gz,1
asenat.redtienda.net.warc.gz,0
asendhi.org.warc.gz,0
asenhoa.es.warc.gz,0
asesoressiso.com.warc.gz,0
asimaga.org.warc.gz,0
asistencialosangeles.es.warc.gz,0
asmayalergias.wordpress.com.warc.gz,0
asocaliste.blogspot.com.warc.gz,0
asociacionabaimar.es.warc.gz,0
asociacionalzheimerhuercalovera.blogspot.com.warc.gz,0
asociacionamyco.wordpress.com.warc.gz,0
asociacionemex.es.warc.gz,0
asociacionluzdelamancha.wordpress.com.warc.gz,0
asociacion-nen.org.warc.gz,0
asociacionsmithmagenis.org.warc.gz,1
asofem.org.warc.gz,1
asopitzc.org.warc.gz,0
aspacecantabria.org.warc.gz,0
aspace.org.warc.gz,6
aspanijer.org.warc.gz,0
aspanion.es.warc.gz,0
asscat-hepatitis.org.warc.gz,5
asvatp.com.warc.gz,0
aswolfram.org.warc.gz,0
asyd.es.warc.gz,0
atencioncontinuada.blogspot.com.warc.gz,0
atensionprimaria.wordpress.com.warc.gz,0
atenzia.com.warc.gz,1
atusalud.blogspot.com.warc.gz,0
auditoriamedica.wordpress.com.warc.gz,0
aula.esparkinson.es.warc.gz,0
aupsicomotricidad.org.warc.gz,0
aureapsicologos.com.warc.gz,0
autismodiario.org.warc.gz,7
autismomadrid.es.warc.gz,0
auxiliarenfermeriasgc.blogspot.com.warc.gz,0
auxiliaresenfermeria.net.warc.gz,0
avaes.org.warc.gz,0
avafi.es.warc.gz,3
ayucaronda.blogspot.com.warc.gz,0
ayudanosquesomospadres.com.warc.gz,0
azpressnews.blogspot.com.warc.gz,0
babybeatles.org.warc.gz,0
barcelonamaculafound.org.warc.gz,0
bayesconsultori.cat.warc.gz,2
bbhi.cat.warc.gz,0
beatrizmayoral.blogspot.com.warc.gz,0
benviure.com.warc.gz,0
bibliosalut.com.warc.gz,0
bibmed.ucla.edu.ve.warc.gz,0
bifap.aemps.es.warc.gz,11
biotech-spain.com.warc.gz,0
biotenk.com.ar.warc.gz,0
bipogent.cat.warc.gz,0
bitacoraenfermera.org.warc.gz,0
biziondo.com.warc.gz,0
blefaroplastia.es.warc.gz,0
blocfarminfo.ub.edu.warc.gz,0
blog.aquas.cat.warc.gz,0
blog.ataxias-galicia.org.warc.gz,0
blogbioeticaybioderecho.blogspot.com.warc.gz,0
blogcomiendosalud.blogspot.com.warc.gz,0
blogdelhipertenso.blogspot.com.warc.gz,0
blog.fpmaragall.org.warc.gz,0
blog.fundacionglobalsalud.es.warc.gz,0
blog.manantial-salud.com.warc.gz,0
blog.medicapanamericana.com.warc.gz,0
blogmedicina.com.warc.gz,0
blog-reap.blogspot.com.warc.gz,0
blog.saludonnet.com.warc.gz,0
blogsclerosismultiple.wordpress.com.warc.gz,0
blogs.eltiempo.com.warc.gz,0
blogs.medicinatv.com.warc.gz,0
blogs.ucv.es.warc.gz,0
blog.teresaperez.net.warc.gz,0
booksmedicos.org.warc.gz,0
borinot-mseguid.blogspot.com.warc.gz,0
boticariablog.wordpress.com.warc.gz,0
boticariagarcia.com.warc.gz,0
botplusweb.portalfarma.com.warc.gz,0
bt.fundacioncien.es.warc.gz,12
bvsalud.isciii.es.warc.gz,0
bvsenfermeria.bvsalud.org.warc.gz,0
cadishuesca.es.warc.gz,0
calidadasistencial.es.warc.gz,2
campussanofi.es.warc.gz,0
campusvida.usc.es.warc.gz,0
canalsalud.imq.es.warc.gz,0
cancercmc.ugrmecenazgo.es.warc.gz,1
cancerdecabezaycuello.org.warc.gz,0
cancerprostata.info.warc.gz,23
cancer-pulmon.com.warc.gz,0
cancersintomas.com.warc.gz,0
capacidadesespeciales.blogspot.com.warc.gz,0
cappoblenouics.wordpress.com.warc.gz,0
capsantjoanics.wordpress.com.warc.gz,0
cardioguard.es.warc.gz,0
cardiopatiasfamiliares.es.warc.gz,0
carmenespinosaalvarez.blogspot.com.warc.gz,0
carreracancerpancreas.es.warc.gz,1
castellanacardio.es.warc.gz,1
cateterdoblejota.com.warc.gz,0
ccimmunologia.wordpress.com.warc.gz,0
cdb.hospitalclinic.org.warc.gz,0
cefaleas.sen.es.warc.gz,4
cenf4.blogspot.com.warc.gz,0
cenie.eu.warc.gz,0
centrefaixat.com.warc.gz,0
centrodesaludvictoria-malaga.blogspot.com.warc.gz,0
centromedicoavanza.com.warc.gz,0
centromedicomilenium-iradier.sanitas.es.warc.gz,0
centromedicomilenium-nicasiogallego.sanitas.es.warc.gz,0
centromedicoplanassalud.com.warc.gz,0
centrorecupera.com.warc.gz,0
centrosaludmedinadelcampo.blogspot.com.warc.gz,0
centrosrehabilitacionlaboral.blogspot.com.warc.gz,0
centro-transfusion.san.gva.es.warc.gz,0
cermicantabria.org.warc.gz,49
chnavarra.es.warc.gz,0
ciberned.es.warc.gz,10
cibici.fcq.unc.edu.ar.warc.gz,0
cienciaconsalud.com.warc.gz,0
cienciaybiologia.com.warc.gz,0
cima.aemps.es.warc.gz,0
cima.unav.edu.warc.gz,2
cimcyc.ugr.es.warc.gz,0
cirugiaendoluminal.com.warc.gz,0
cirugiaplastica.review.warc.gz,0
cirujanosplasticosnicaragua.com.warc.gz,0
cistitisderepeticion.com.warc.gz,0
clinicaazahares.com.warc.gz,0
clinicadeansiedad.com.warc.gz,0
clinicaepsylon.com.warc.gz,0
clinicaergo.com.warc.gz,0
clinicafuensanta.com.warc.gz,0
clinicaisadora.es.warc.gz,0
clinicalaserbarrachina.es.warc.gz,0
clinicamadrid.es.warc.gz,0
clinicamarazuela.es.warc.gz,0
clinicamuinos.com.warc.gz,0
clinicasantjordi.com.warc.gz,0
clinicaserman.com.warc.gz,0
clinicasjv.com.warc.gz,0
clinicavila.es.warc.gz,0
clinicavirgendelujan.com.warc.gz,0
clinicaysalud.blogspot.com.warc.gz,0
clinicazorrotzaurre.imq.es.warc.gz,3
clinicomalvarrosa.san.gva.es.warc.gz,4
clustersaude.com.warc.gz,1
cmpg.cat.warc.gz,0
cmvademecum.es.warc.gz,0
cmvcaridad.com.warc.gz,2
cofzaragoza.org.warc.gz,5
colegiodemedicos.es.warc.gz,1
colegioenfermeriacaceres.org.warc.gz,7
comeconsalud.com.warc.gz,0
comerbienesdivertido.blogspot.com.warc.gz,0
comerparavenceralcancer.com.warc.gz,0
comoeliminarlacelulitis10.com.warc.gz,0
comprarpastillas.net.warc.gz,0
comsalud.es.warc.gz,0
conbuenasalud.com.warc.gz,0
concanceryestupenda.com.warc.gz,0
construirsalud.com.ar.warc.gz,8
consulta106ofra.blogspot.com.warc.gz,0
consumer.healthday.com.warc.gz,0
continuum.aeped.es.warc.gz,11
cooperacioambalegria.co.warc.gz,0
corgos.com.warc.gz,0
cqm-mataro.com.warc.gz,0
crfvalles.com.warc.gz,0
criscancer.org.warc.gz,8
criticosdesaludpublica.blogspot.com.warc.gz,0
cronicosescolares.wordpress.com.warc.gz,0
ctlagarrovilla.blogspot.com.warc.gz,0
cuidadoras.net.warc.gz,0
cuidados20.san.gva.es.warc.gz,12
cuidadospediatricosyneonatales.blogspot.com.warc.gz,0
cuidando-neonatos.blogspot.com.warc.gz,0
cuidateplus.marca.com.warc.gz,0
curaesalud.com.warc.gz,0
curasparaladiabetes.blogspot.com.warc.gz,0
curiosoando.com.warc.gz,0
danocerebralinvisible.com.warc.gz,0
deltamedic.es.warc.gz,0
demencias.sen.es.warc.gz,7
dentpro.es.warc.gz,0
dermatologia-bagazgoitia.com.warc.gz,0
dermoblog-dermoblog.blogspot.com.warc.gz,0
descubretusalud.com.warc.gz,0
deseomedicinal.blogspot.com.warc.gz,0
detrasdelosalimentos.es.warc.gz,0
diagnosticoencasa.com.warc.gz,1
diamundialautismo.com.warc.gz,0
dianacuesta.com.warc.gz,0
diariodecuidados.wordpress.com.warc.gz,0
diariodeunmedicodeguardia.blogspot.com.warc.gz,0
diariosanitario.com.warc.gz,0
diesalud.es.warc.gz,0
dietamediterranea.com.warc.gz,9
digitopuntura.review.warc.gz,0
discopatialumba.creatuforo.com.warc.gz,0
dkvclubdesalud.dkvseguros.com.warc.gz,0
dm2018.enfermedades-raras.org.warc.gz,0
docenciaalgemesi.blogspot.com.warc.gz,0
docenciacalvia.com.warc.gz,0
docenciacselgreco.wordpress.com.warc.gz,0
docencia.csfuensanta.es.warc.gz,0
docenciatrencadors.blogspot.com.warc.gz,0
doctablet.com.warc.gz,0
doctorcueva.com.warc.gz,0
dolorirruptivo.com.warc.gz,3
dominalamedicina.com.warc.gz,0
donaciondeorganos.gov.warc.gz,0
donacionytrasplantesenespana.wordpress.com.warc.gz,0
donsacarino.com.warc.gz,0
dracocomarch.com.warc.gz,0
draherraizmedicoypaciente.com.warc.gz,0
drcalabuig.com.warc.gz,0
drgarcia-tornel.blogspot.com.warc.gz,0
dubinesramirez.blogspot.com.warc.gz,0
ecurae.org.warc.gz,0
educacionpapps.blogspot.com.warc.gz,0
educaciontdah.wordpress.com.warc.gz,0
edu-in.blogspot.com.warc.gz,0
efekeze.blogspot.com.warc.gz,0
efekeze.com.warc.gz,1
egom.es.warc.gz,0
ehealthdonostia.com.warc.gz,0
eiilafe.com.warc.gz,0
elblogdelaaafh.wordpress.com.warc.gz,0
elblogdezoe.es.warc.gz,0
elblogenfermero.wordpress.com.warc.gz,0
eldesembarcodelaflota.blogspot.com.warc.gz,0
eldiariodesalud.com.warc.gz,0
elmedicointeractivo.com.warc.gz,4
elpacienteytu.blogspot.com.warc.gz,0
elrincondelmedico.blogspot.com.warc.gz,0
emalbacete.es.warc.gz,2
ematrona.com.warc.gz,0
emergenciasmadrid.com.warc.gz,0
empositivo.org.warc.gz,0
enfeps.blogspot.com.warc.gz,0
enferhemoes.blogspot.com.warc.gz,0
enfermedadesolvidadas.org.warc.gz,0
enfermedades-raras.org.warc.gz,3
enfermerabloguerasite.wordpress.com.warc.gz,0
enfermeradetrinchera.blogspot.com.warc.gz,0
enfermeriacreativa.com.warc.gz,0
enfermeriaenlasombra.blogspot.com.warc.gz,0
enfermeria.org.warc.gz,0
enfermeriatecnologica.com.warc.gz,0
enfermeriauva.blogspot.com.warc.gz,0
enfermeriaysalud.es.warc.gz,2
enfermeroennuncajamas.blogspot.com.warc.gz,0
enfermeroprescriptor.blogspot.com.warc.gz,0
enfuro.es.warc.gz,0
enmovimiento.enfermerianavarra.com.warc.gz,0
entrechem.com.warc.gz,0
entreteo.wordpress.com.warc.gz,0
envejecimientoenred.es.warc.gz,0
ep-ad.org.warc.gz,0
epanoramix.wordpress.com.warc.gz,0
epidemiah1n1.blogspot.com.warc.gz,0
epilepsiacantabria.blogspot.com.warc.gz,0
epilepsiaesagranincomprendida.es.warc.gz,0
epiymas.blogspot.com.warc.gz,0
equipopoe.es.warc.gz,10
esaludate.com.warc.gz,0
es.associacionsdesalut.cat.warc.gz,0
escalerasessalud.wordpress.com.warc.gz,0
esclerosismultiplecantabria.org.warc.gz,1
es.connect.jbiconnectplus.org.warc.gz,0
escueladepacientes.es.warc.gz,1
escuela.diariomedico.com.warc.gz,0
es.familydoctor.org.warc.gz,0
es.gsk.com.warc.gz,6
es.movember.com.warc.gz,0
espaciomir.blogspot.com.warc.gz,0
espanol.arthritis.org.warc.gz,0
espanol.kaiserpermanente.org.warc.gz,0
espanol.stjude.org.warc.gz,142
espinabifida.cat.warc.gz,0
es.pneumowiki.org.warc.gz,0
espondilitisfuenlabrada.es.warc.gz,0
estilsdevidasaludables.blogspot.com.warc.gz,0
es.vhir.org.warc.gz,8
etselquemenges.cat.warc.gz,1
eugeniaenfermeria.blogspot.com.warc.gz,0
europacolonespana.org.warc.gz,3
evasoler.blogspot.com.warc.gz,0
evidenciasenpediatria.es.warc.gz,3
experienciasensaluddesdecastrillon.blogspot.com.warc.gz,0
factorinmune.blogspot.com.warc.gz,0
facultad-de-medicina-blog.webnode.es.warc.gz,0
faesfarma.com.warc.gz,0
fafal.org.warc.gz,2
fahyda.es.warc.gz,0
farmabeka.es.warc.gz,0
farmaceuticoscomunitarios.org.warc.gz,0
farmaceuticosmundi.org.warc.gz,3
farmaciabolos.com.warc.gz,0
farmaciahnrg.wordpress.com.warc.gz,0
farmacosalud.com.warc.gz,0
faros.hsjdbcn.org.warc.gz,4
fcpc.cat.warc.gz,0
feacab.org.warc.gz,0
feafesplasencia.wordpress.com.warc.gz,0
fedaes.org.warc.gz,2
fedis.org.warc.gz,0
fehv.org.warc.gz,0
feiipr.org.warc.gz,0
femalt.com.warc.gz,1
femh.org.warc.gz,1
fenaer.es.warc.gz,0
fepa.es.warc.gz,0
fertilab.com.warc.gz,1
fhgst.es.warc.gz,0
fibroanestesia.com.warc.gz,2
fibromialgiamelilla.wordpress.com.warc.gz,0
fibromialgianoticias.com.warc.gz,0
fibro.pro.warc.gz,3
fibrosispulmonar.es.warc.gz,11
fibrosisquistica.org.warc.gz,0
finba.es.warc.gz,2
fisabio.san.gva.es.warc.gz,35
fisiomedcervera.com.warc.gz,0
fisioposiciones.es.warc.gz,0
fisioterapiaoncologica.org.warc.gz,0
florenciaruisenor.blogspot.com.warc.gz,0
fmdiabetes.org.warc.gz,0
fmedicina.uib.es.warc.gz,0
fmf.org.es.warc.gz,0
fneth.org.warc.gz,1
fobiasraras.com.warc.gz,0
formacioncolegioenfermeriacantabria.blogspot.com.warc.gz,0
formacion.seguridaddelpaciente.es.warc.gz,0
formantia.es.warc.gz,1
foro.estudiabetes.org.warc.gz,1
foromed.com.warc.gz,0
fpmaragall.org.warc.gz,3
fue-estambul.es.warc.gz,0
fundaciometges.org.warc.gz,0
fundacionanaed.es.warc.gz,0
fundacionestivillsueno.org.warc.gz,0
fundaciongasparcasal.org.warc.gz,4
fundacionpielsana.es.warc.gz,0
fundacionrebeccadealba.org.warc.gz,0
fundacionriojasalud.org.warc.gz,4
fundacioprivada-santpau.cat.warc.gz,0
fundaciouszheimer.org.warc.gz,0
gangasmir.blogspot.com.warc.gz,0
gdtmujersomamfyc.wordpress.com.warc.gz,0
geidis.es.warc.gz,2
geneticahumana2017.org.warc.gz,0
gentesanaonline.com.warc.gz,0
geteccu.org.warc.gz,1
getm.sen.es.warc.gz,2
gorvamur.org.warc.gz,1
gpc.minsalud.gov.co.warc.gz,4
grupo.farmaciastrebol.com.warc.gz,0
grupoinfeccsomamfyc.wordpress.com.warc.gz,0
guardiasresis.blogspot.com.warc.gz,0
hablandoesalud.wordpress.com.warc.gz,0
hacemosmedicina.jimdo.com.warc.gz,0
halitus.com.warc.gz,0
hcsegundaoportunidad.blogspot.com.warc.gz,0
healthfinder.gov.warc.gz,0
hemorroides10.com.warc.gz,0
herculessalud.com.warc.gz,0
herenciageneticayenfermedad.blogspot.com.warc.gz,0
himfg.com.mx.warc.gz,0
hipocrates.tripod.com.warc.gz,0
hiponatremia.net.warc.gz,0
hipospadia-aldia.blogspot.com.warc.gz,0
historia1857557.wordpress.com.warc.gz,0
hnparaplejicos.sescam.castillalamancha.es.warc.gz,6
hogar-salud.com.warc.gz,0
hospitalbernal.com.warc.gz,0
hospitalcostadelaluz.com.warc.gz,0
hospitaldenens.com.warc.gz,1
hospitalinfantasofia.blogspot.com.warc.gz,0
hospitaloccidente.mspas.gob.gt.warc.gz,0
hospitalperea.com.warc.gz,0
hospitalpioxii.com.warc.gz,0
hospitalprivado.com.ar.warc.gz,39
hospitalprovincial.es.warc.gz,6
hospitalsanjuandedios.es.warc.gz,2
hospitalsierrallana.com.warc.gz,2
hospiten.com.warc.gz,7
hpvpapilomahumano.blogspot.com.warc.gz,0
hsceloni.cat.warc.gz,29
hsjdpalma.es.warc.gz,0
hugu.sescam.jccm.es.warc.gz,10
ibsal.es.warc.gz,0
icscampdetarragona.cat.warc.gz,0
ictus-asociacionmadrid.es.warc.gz,1
ictusfederacion.es.warc.gz,0
imagenvascular.com.warc.gz,0
immunitasvera.org.warc.gz,0
impactodoble.es.warc.gz,0
implantecoclear.org.warc.gz,7
implant-system.avinent.com.warc.gz,4
inclasns.msssi.es.warc.gz,0
infarma.es.warc.gz,4
infodoctor.org.warc.gz,1
infolesioncerebral.wordpress.com.warc.gz,0
inforeuma.com.warc.gz,10
infosida.nih.gov.warc.gz,0
inprf.gob.mx.warc.gz,6
insights.doctoralia.es.warc.gz,0
ins.salud.gob.sv.warc.gz,6
institutmedicrubi.com.warc.gz,0
institutobiomedicina.unileon.es.warc.gz,5
instituto-estetico.com.warc.gz,0
institutoneurociencias.org.warc.gz,0
institutourologicoigb.com.warc.gz,0
in.umh-csic.es.warc.gz,0
investigacionalergiayasmatalavera.blogspot.com.warc.gz,0
investigaciones-biomedicas.com.warc.gz,0
ioamadrid.com.warc.gz,0
iob-onco.com.warc.gz,0
ipe.unsa.edu.ar.warc.gz,0
isalutacasa.com.warc.gz,0
isanidad.com.warc.gz,3
iv.congresocronicos.org.warc.gz,3
ivi.es.warc.gz,0
jornada.alicia.cat.warc.gz,0
jovsen.blogspot.com.warc.gz,0
jralonso.es.warc.gz,0
juanmoisesdelaserna.es.warc.gz,0
juherya.blogspot.com.warc.gz,0
juntosxtusalud.com.warc.gz,0
keramat.es.warc.gz,0
kines88.com.warc.gz,0
knowalzheimer.com.warc.gz,6
la-alopecia-areata.com.warc.gz,0
labataroja.com.warc.gz,0
laboratoriodeanalisisclinicos.com.warc.gz,1
labrujanocturna.blogspot.com.warc.gz,0
lacomisiongestora.blogspot.com.warc.gz,0
lactosa.org.warc.gz,1
laesalud.com.warc.gz,1
laesaludquequeremos.blogspot.com.warc.gz,0
lafun.com.ar.warc.gz,0
lapildoritadospuntocero.blogspot.com.warc.gz,0
laribera.riberasalud.com.warc.gz,1
lasala3.wordpress.com.warc.gz,0
lasaludmasculina.com.warc.gz,0
lauzuricaderma.com.warc.gz,0
libreriamedica.es.warc.gz,0
lideresensalud.com.warc.gz,0
ligacasosclinicos.com.warc.gz,3
ligareumatologicaasturiana.com.warc.gz,3
lila2.blogspot.com.warc.gz,0
lksalud.com.warc.gz,0
localizarlasalud.blogspot.com.warc.gz,0
logopedasmurcia.es.warc.gz,2
logopediaysalud.blogspot.com.warc.gz,0
loquetumediconotecuenta.blogspot.com.warc.gz,0
lovexair.com.warc.gz,1
lupusgalicia.org.warc.gz,0
lupusvalencia.org.warc.gz,1
magnetosur.com.warc.gz,5
mascasadevall.net.warc.gz,0
matronascastillalamancha.org.warc.gz,0
medcriturg.allaca.org.warc.gz,0
medes.com.warc.gz,0
medestudiantes.tripod.com.warc.gz,0
mediblogdefamilia.wordpress.com.warc.gz,0
medicablogs.diariomedico.com.warc.gz,0
medicalum.com.warc.gz,0
medicanos.blogspot.com.warc.gz,0
medicina21.com.warc.gz,0
medicinaapuntes.blogspot.com.warc.gz,0
medicinadefamiliaconblogpropia.wordpress.com.warc.gz,0
medicinadeportivamadrid.com.warc.gz,0
medicinafamiliar.uc.cl.warc.gz,0
medicina.uca.es.warc.gz,5
medicina.ucm.es.warc.gz,20
medicinaydemass.blogspot.com.warc.gz,0
medicinaysaludpublica.com.warc.gz,1
medicinaysalud.uniovi.es.warc.gz,5
medicodesalud.com.warc.gz,0
medicointernista.es.warc.gz,0
medigest.com.warc.gz,0
medtempus.com.warc.gz,0
megamedico.com.warc.gz,0
meiga.info.warc.gz,6
mejorconsalud.com.warc.gz,0
mejorprevenirblog.wordpress.com.warc.gz,0
mesoterapianet.com.warc.gz,0
metabolicas.sjdhospitalbarcelona.org.warc.gz,9
metgedefamilia.blogspot.com.warc.gz,0
metodologiaenfermera.blogspot.com.warc.gz,0
mexicosaludhable.org.warc.gz,0
miastenia.ong.warc.gz,0
miradiofrecuenciafacial.com.warc.gz,0
miradorsalud.com.warc.gz,0
miricinaparatodos.blogspot.com.warc.gz,0
mitarjetasanitariaeuropea.es.warc.gz,0
movernos.com.warc.gz,0
mujerescontraelcancer.com.warc.gz,0
muysaludable.sanitas.es.warc.gz,0
mye2016.com.warc.gz,0
myras2017.wordpress.com.warc.gz,0
netespana.org.warc.gz,0
neural.es.warc.gz,0
neurofibromatosis.es.warc.gz,0
neurologia.diariomedico.com.warc.gz,0
neurologia.publicacionmedica.com.warc.gz,2
neurorgs.net.warc.gz,0
neurorhb.com.warc.gz,1
nofun-eva.blogspot.com.warc.gz,0
nosinevidencia.wordpress.com.warc.gz,0
nosinmialergia.blogspot.com.warc.gz,0
noticiadesalud.blogspot.com.warc.gz,0
noticiasaath.blogspot.com.warc.gz,0
noticiasdeenfermeria.blogspot.com.warc.gz,0
nuevastecsomamfyc.wordpress.com.warc.gz,0
nuevofecma.vinagrero.es.warc.gz,0
nutricionalas6.blogspot.com.warc.gz,0
nutricionenlauem.wordpress.com.warc.gz,0
nutricionsaludybelleza.es.warc.gz,0
nutricsalud.com.warc.gz,0
nutrimas.es.warc.gz,0
nutrisuli.blogspot.com.warc.gz,0
nutritionfacts.org.warc.gz,0
oafifoundation.com.warc.gz,0
ocularis.es.warc.gz,0
oftalmovet.es.warc.gz,0
onahepatitis.org.warc.gz,0
oncologiaintegrativa.org.warc.gz,0
oncomirvhebronics.wordpress.com.warc.gz,0
on-enfermeria.com.warc.gz,4
operon.es.warc.gz,0
osakidetzainfo.blogspot.com.warc.gz,0
osalde.org.warc.gz,5
osasunaeskuz.wordpress.com.warc.gz,0
osteomuscular.com.warc.gz,0
otinylucas.blogspot.com.warc.gz,0
ovulum.com.warc.gz,0
pacienteradiologia.blogspot.com.warc.gz,0
pacientes.boiron.es.warc.gz,0
pacientes.seicap.es.warc.gz,3
paradigmedical.wordpress.com.warc.gz,0
parkinsongruparfaconce.blogspot.com.warc.gz,0
pediamecum.es.warc.gz,0
pediatrialluisalcanyis.com.warc.gz,0
perarduaadastra.eu.warc.gz,0
perdidue.com.warc.gz,0
pharmacoserias.blogspot.com.warc.gz,0
plantasnet.blogspot.com.warc.gz,0
plenainclusioncv.org.warc.gz,0
plussalud.com.ar.warc.gz,0
pmfarma.es.warc.gz,0
policlinicacomarcaldelvendrell.es.warc.gz,0
policlinicasanjuan.com.warc.gz,0
policlinicatreton.com.warc.gz,0
policliniclloret.com.warc.gz,0
policlinicoquirurgico.com.warc.gz,0
polimedicado.org.warc.gz,7
portal.guiasalud.es.warc.gz,0
portal.inen.sld.pe.warc.gz,1
portal.scptfe.com.warc.gz,2
posadasafama.blogspot.com.warc.gz,0
practicaeldoning.com.warc.gz,0
preguntaamienfermera.blogspot.com.warc.gz,0
premedios.com.warc.gz,0
presoterapia.review.warc.gz,0
press.doctoralia.es.warc.gz,0
problemasmemoria.com.warc.gz,0
procreatec.com.warc.gz,1
profesionales.adamedtv.com.warc.gz,0
programagalia.blogspot.com.warc.gz,0
prometeodesencadenado-enfermeria.blogspot.com.warc.gz,0
psicoanalistasenmalaga.es.warc.gz,0
psicobsm.com.warc.gz,0
psicogerontologia.org.warc.gz,1
psicologamadrid.es.warc.gz,0
psicologiaencancer.com.warc.gz,0
psicologiareproductivahoy.wordpress.com.warc.gz,0
psicologiaymente.com.warc.gz,0
psiquiatria.com.warc.gz,2
psoriasisenred.org.warc.gz,0
ptyalcantabria.wordpress.com.warc.gz,0
pvdolores.com.warc.gz,0
quierocuidarme.dkvsalud.es.warc.gz,0
quiosco.diariomedico.orbyt.es.warc.gz,0
radiofarmacia.org.warc.gz,10
radiologiacabezaycuello.blogspot.com.warc.gz,0
radiologiaeninternet.blogspot.com.warc.gz,0
radiologicaldream.blogspot.com.warc.gz,0
rafabravo.blog.warc.gz,0
rafaelbenavidesyanguas.es.warc.gz,0
rafalafena.wordpress.com.warc.gz,0
raimundogarciamartin.blogspot.com.warc.gz,0
raquelfrancovalenzuela.com.warc.gz,0
ratiopharm.es.warc.gz,0
reap-atencionprimaria.blogspot.com.warc.gz,0
redecan.org.warc.gz,4
redemc.net.warc.gz,0
red.fibro.pro.warc.gz,0
reflexionesdeunenfermero.blogspot.com.warc.gz,0
reflexologiapodalweb.com.warc.gz,0
regic.org.warc.gz,0
rehabilitacionpremiummadrid.com.warc.gz,0
remi.uninet.edu.warc.gz,0
reprofiv.com.warc.gz,0
retinosis.org.warc.gz,7
rettcatalana.es.warc.gz,0
reumails.blogspot.com.warc.gz,0
revistaalergia.mx.warc.gz,2
revistadeosteoporosisymetabolismomineral.com.warc.gz,25
revistafarmanatur.com.warc.gz,1
revistamexicanadeurologia.org.mx.warc.gz,37
revistasaludhable.com.warc.gz,0
revistasentir.com.warc.gz,0
revitacellclinic.com.warc.gz,0
revzoilomarinello.sld.cu.warc.gz,0
rincondocentemfyc.com.warc.gz,0
rosae.org.es.warc.gz,0
rusinol.com.warc.gz,0
sagueda.com.warc.gz,1
salientedeguardia.blogspot.com.warc.gz,0
saludcantabria.es.warc.gz,258
saludcomunitaria.wordpress.com.warc.gz,0
saludconcosas.blogspot.com.warc.gz,0
saludconectada.com.warc.gz,0
saluddineroy.blogspot.com.warc.gz,0
saludesfera.com.warc.gz,0
saludesposible.com.warc.gz,0
saludextremadura.ses.es.warc.gz,55
salud.grupotriples.com.warc.gz,3
salud.ideal.es.warc.gz,0
saludineroap.blogspot.com.warc.gz,0
saludinvestiga.blogspot.com.warc.gz,0
saludlovers.com.warc.gz,0
saludsinbulos.com.warc.gz,1
saludybienestarcampodecriptana.blogspot.com.warc.gz,0
saludyejercicio.com.warc.gz,0
saludypoder.blogspot.com.warc.gz,0
salusmc.com.warc.gz,0
salutmental.csa.cat.warc.gz,0
sami-xxi.blogspot.com.warc.gz,0
sano-y-salvo.blogspot.com.warc.gz,0
santiagopg-ostomia.blogspot.com.warc.gz,0
santiagopg-saludmental.blogspot.com.warc.gz,0
sare.org.es.warc.gz,0
sastre-roca.com.warc.gz,0
secitologia.org.warc.gz,1
sectcv.es.warc.gz,13
sectorzaragozados.salud.aragon.es.warc.gz,6
sedisa.net.warc.gz,1
sefar.org.es.warc.gz,1
sefm.es.warc.gz,12
seguro.cofaga.org.warc.gz,0
seicat.org.warc.gz,6
seiomm.org.warc.gz,1
semesextremadura.com.warc.gz,0
semes.org.warc.gz,66
semh.org.warc.gz,0
seminario18.biomedicinayetica.org.warc.gz,0
senec.es.warc.gz,7
senologiagg.blogspot.com.warc.gz,0
sepeap.org.warc.gz,6
sepg.es.warc.gz,1
sepod.es.warc.gz,0
sepo.es.warc.gz,0
seq.es.warc.gz,1
seram.es.warc.gz,65
sergiiglesia.blogspot.com.warc.gz,0
sergiovano.blogspot.com.warc.gz,0
sermesa.es.warc.gz,6
serralco.es.warc.gz,0
servei.org.warc.gz,6
serveisclinics.com.warc.gz,0
serv.es.warc.gz,1
sescam.castillalamancha.es.warc.gz,218
sesionessanblas.blogspot.com.warc.gz,0
sespas.es.warc.gz,3
sespo.es.warc.gz,5
sevillapromocionasalud.blogspot.com.warc.gz,0
sevirologia.es.warc.gz,12
sexualidadysaludmental.com.warc.gz,0
sgan.es.warc.gz,10
sid.usal.es.warc.gz,177
sietediasmedicos.com.warc.gz,32
signosvitales20.com.warc.gz,0
simmedica.com.warc.gz,5
sindromedepeutzjeghers.blogspot.com.warc.gz,0
sindrome-patau.com.warc.gz,0
sindromewilliamscantabria.blogspot.com.warc.gz,0
smxcn.org.warc.gz,1
socialmediatica.com.warc.gz,0
sociedadcanariadeurologia.com.warc.gz,2
somosenfermeria.blogspot.com.warc.gz,0
sosictus.wordpress.com.warc.gz,0
spark.adobe.com.warc.gz,0
stopsida.org.warc.gz,6
tallerdesalud.com.warc.gz,0
teledoc.urv.es.warc.gz,0
telemedicalcalidaddevida.es.warc.gz,0
telemedical-menaje.es.warc.gz,0
tengasalud.es.warc.gz,0
terapiadeldolor-terapianeural.es.warc.gz,0
tevafarmacia.es.warc.gz,0
trabajoparaenfermeras.com.warc.gz,0
traduccionmedicatecnicaliteraria.wordpress.com.warc.gz,0
traumare.com.warc.gz,0
tribulacionesdeuncirujano.blogspot.com.warc.gz,0
tugestordesalud.com.warc.gz,0
tulupusesmilupus.com.warc.gz,0
tusaludtotal.com.warc.gz,0
tusdudasdesalud.com.warc.gz,0
tusdudasdesalud.wordpress.com.warc.gz,0
ubes.es.warc.gz,0
ucienf.blogspot.com.warc.gz,0
uciperu.com.warc.gz,1
ucmb.edu.py.warc.gz,0
ufpelafe.blogspot.com.warc.gz,0
unenfermerocurioso.wordpress.com.warc.gz,0
unidaddeecografiadrmayayo.es.warc.gz,0
unosalud.com.ar.warc.gz,0
urgenciasbidasoa.wordpress.com.warc.gz,0
urologiaaplicada.com.warc.gz,0
urologiabielsalorente.com.warc.gz,1
urologiadmr.es.warc.gz,0
users.ugent.be.warc.gz,0
vacunasaep.org.warc.gz,2
varimed.ugr.es.warc.gz,0
vencerelcancer.org.warc.gz,0
veritassanitatis.com.warc.gz,0
videlajuan.blogspot.com.warc.gz,0
videoteca.farmaceuticosdesevilla.es.warc.gz,1
vivir-con-dermatomiositisjuvenil.blogspot.com.warc.gz,0
vivirconepilepsia.es.warc.gz,3
vostmadrid.org.warc.gz,0
web.amuccam.org.warc.gz,0
weber.org.es.warc.gz,0
web.ins.gob.pe.warc.gz,57
webs.academia.cat.warc.gz,0
wma.comb.es.warc.gz,2
ww17.medicinapractica.com.warc.gz,0
ww2.castellon.san.gva.es.warc.gz,0
www.22q13.org.es.warc.gz,0
www2.udec.cl.warc.gz,0
www3.ibv.csic.es.warc.gz,2
www.aaacancer.org.warc.gz,0
www.aacic.org.warc.gz,0
www.aagirona82.org.warc.gz,0
www.aata.org.ar.warc.gz,2
www.abcpediatria.com.warc.gz,0
www.abexsl.es.warc.gz,5
www.abilitypharma.com.warc.gz,0
www.acaai.co.warc.gz,0
www.acabeuskadi.org.warc.gz,0
www.acab.org.warc.gz,0
www.acaci.es.warc.gz,0
www.acah.cat.warc.gz,0
www.acalefyc.com.warc.gz,1
www.accionpsoriasis.org.warc.gz,0
www.acciopsoriasi.org.warc.gz,0
www.accmyg.org.warc.gz,0
www.accordsalud.com.ar.warc.gz,1
www.accucantabria.es.warc.gz,0
www.accuesp.com.warc.gz,3
www.acd.cat.warc.gz,0
www.acfacv.com.warc.gz,0
www.aclo.es.warc.gz,4
www.acmah.org.warc.gz,0
www.acmu.net.warc.gz,0
www.acnefi.org.warc.gz,12
www.acoare.es.warc.gz,1
www.actamedica.sld.cu.warc.gz,0
www.actasanitaria.com.warc.gz,18
www.actasdermo.org.warc.gz,0
www.actibios.com.warc.gz,0
www.activalasalud.com.warc.gz,0
www.acvem.org.warc.gz,0
www.adacebur.org.warc.gz,0
www.adaceclm.org.warc.gz,0
www.adaceco.org.warc.gz,4
www.adacema.org.warc.gz,7
www.adahta.es.warc.gz,0
www.adamedtv.com.warc.gz,0
www.adampiaragon.org.warc.gz,1
www.adeapa.com.warc.gz,0
www.adelgazarysalud.com.warc.gz,0
www.ademaescuelauniversitaria.com.warc.gz,0
www.adherencia-cronicidad-pacientes.com.warc.gz,0
www.adicas.org.warc.gz,3
www.admiravision.es.warc.gz,2
www.adolescentesyjovenesconcancer.com.warc.gz,0
www.aeapsalud.es.warc.gz,0
www.aeasarcomas.org.warc.gz,3
www.aebm.org.warc.gz,26
www.aebt.org.warc.gz,3
www.aecat.net.warc.gz,0
www.aecc.es.warc.gz,7
www.aecima.com.warc.gz,7
www.aecirujanos.es.warc.gz,7
www.aecomunicacioncientifica.org.warc.gz,2
www.aedn.es.warc.gz,0
www.aeed.org.warc.gz,0
www.aeem.es.warc.gz,1
www.aeemt.com.warc.gz,5
www.aeen.es.warc.gz,0
www.aeev.net.warc.gz,2
www.aefat.es.warc.gz,15
www.aefep.org.warc.gz,0
www.aefi.net.warc.gz,4
www.aelfa.org.warc.gz,0
www.aemc-chiari.com.warc.gz,0
www.aemedi.es.warc.gz,4
www.aemps.gob.es.warc.gz,311
www.aeoc.org.warc.gz,0
www.aepap.org.warc.gz,81
www.aepcc.org.warc.gz,3
www.aeped.es.warc.gz,50
www.aepnaa.org.warc.gz,0
www.aepsal.com.warc.gz,11
www.aerscyl.org.warc.gz,0
www.aeseg.es.warc.gz,19
www.aes.es.warc.gz,35
www.aesleme.es.warc.gz,1
www.aespcap.com.warc.gz,0
www.aespw.org.warc.gz,0
www.aetox.es.warc.gz,8
www.aexaal.org.warc.gz,0
www.afa-araba.org.warc.gz,0
www.afabaix.org.warc.gz,0
www.afab-bcn.org.warc.gz,0
www.afabenalmadena.org.warc.gz,0
www.afabenavente.com.warc.gz,0
www.afacantabria.com.warc.gz,1
www.afacayle.es.warc.gz,3
www.afachipiona.org.warc.gz,0
www.afacmur.org.warc.gz,0
www.afacontigo.net.warc.gz,0
www.afacorredordelhenares.es.warc.gz,0
www.afadal.org.warc.gz,1
www.afadealzheimer.es.warc.gz,0
www.afadefer.com.warc.gz,0
www.afads.org.warc.gz,0
www.afadsplas.org.warc.gz,0
www.afaelx.com.warc.gz,0
www.afahuelva.org.warc.gz,1
www.afala.es.warc.gz,0
www.afalalinea.org.warc.gz,0
www.afalanzarote.com.warc.gz,0
www.afalcala.org.warc.gz,1
www.afalct.org.warc.gz,1
www.afalgetafe.org.warc.gz,3
www.afamacocentaina.org.warc.gz,0
www.afama.es.warc.gz,0
www.afama-pollensa.org.warc.gz,0
www.afamaresme.org.warc.gz,0
www.afamerida.org.warc.gz,0
www.afamon.com.warc.gz,0
www.afamur.com.warc.gz,0
www.afamuro.org.warc.gz,0
www.afanion.org.warc.gz,2
www.afanoc.org.warc.gz,4
www.afantdah.org.warc.gz,2
www.afaolont.org.warc.gz,4
www.afaor.com.warc.gz,0
www.afapozuelo.org.warc.gz,0
www.afarioja.org.warc.gz,0
www.afasantamarina.es.warc.gz,1
www.afasia.org.warc.gz,0
www.afatalavera.es.warc.gz,0
www.afatarragona.org.es.warc.gz,0
www.afatoledo.org.warc.gz,0
www.afavaldepenas.com.warc.gz,1
www.afavc.cat.warc.gz,0
www.afavejer.org.warc.gz,0
www.afavisodelmarques.es.warc.gz,0
www.afav.org.warc.gz,0
www.afaxixona.es.warc.gz,0
www.afectamur.es.warc.gz,2
www.afedam.org.warc.gz,0
www.afedaz.es.warc.gz,0
www.afibroalba.com.warc.gz,0
www.afilapa.com.warc.gz,0
www.afinsyfacro.es.warc.gz,2
www.afol.info.warc.gz,0
www.agamfec.com.warc.gz,19
www.agapap.org.warc.gz,20
www.agenciasinc.es.warc.gz,3
www.agorasanitaria.com.warc.gz,0
www.agsordgi.org.warc.gz,0
www.aguafa.org.warc.gz,0
www.ahiadec.com.warc.gz,0
www.aids-sida.org.warc.gz,0
www.ajerea.es.warc.gz,2
www.ajicam.org.warc.gz,0
www.alaclibres.org.warc.gz,0
www.albamenorca.es.warc.gz,0
www.alceepilepsia.org.warc.gz,0
www.alcer-caceres.org.warc.gz,0
www.alcercantabria.com.warc.gz,0
www.alcermadrid.org.warc.gz,1
www.alcles.org.warc.gz,0
www.alcoholicos-anonimos.org.warc.gz,0
www.alcon.es.warc.gz,0
www.alelysa.org.es.warc.gz,0
www.alergia.org.ar.warc.gz,0
www.alergocantabria.es.warc.gz,0
www.alergo.cat.warc.gz,0
www.alergomurcia.com.warc.gz,5
www.aliansalud.com.co.warc.gz,0
www.alianzaprevencioncolon.es.warc.gz,1
www.alifarmlaboratoris.cat.warc.gz,0
www.alimentsonyar.org.warc.gz,0
www.alliance-healthcare.es.warc.gz,0
www.almafarma.com.warc.gz,0
www.almirall.es.warc.gz,6
www.alzfae.org.warc.gz,0
www.alzhecadiz.org.warc.gz,0
www.alzheimeralicante.org.warc.gz,1
www.alzheimeraragon.es.warc.gz,0
www.alzheimerastorga.es.warc.gz,0
www.alzheimeravila.com.warc.gz,2
www.alzheimer-canarias.org.warc.gz,0
www.alzheimerhospitalet.hol.es.warc.gz,0
www.alzheimernavarra.com.warc.gz,0
www.alzheimerosona.com.warc.gz,0
www.alzheimer-reus.es.warc.gz,0
www.alzheimersevilla.com.warc.gz,0
www.alzheimersoria.org.warc.gz,0
www.alzheimerterresdelebre.com.warc.gz,0
www.alzheimerteruel.org.warc.gz,0
www.alzheimertierradebarros.es.warc.gz,0
www.alzheimerzamora.com.warc.gz,0
www.amapar.org.warc.gz,0
www.amapyp.com.warc.gz,4
www.amare.es.warc.gz,0
www.amedics.net.warc.gz,0
www.amgen.es.warc.gz,0
www.amisuco.org.warc.gz,0
www.ampap.es.warc.gz,6
www.amplifoncampus.es.warc.gz,3
www.ampligen.es.warc.gz,0
www.ampros.org.warc.gz,1
www.analisis-clinicos.es.warc.gz,0
www.anatomiamv.es.warc.gz,0
www.anatomia.tripod.com.warc.gz,0
www.andaluzadeclinicas.net.warc.gz,0
www.ande.org.warc.gz,6
www.andessalud.com.ar.warc.gz,0
www.andexcancer.com.warc.gz,0
www.andrearegina.com.warc.gz,0
www.anedidic.com.warc.gz,75
www.anemonamarinabaixa.org.warc.gz,1
www.anestesiados.com.warc.gz,0
www.aniorte-nic.net.warc.gz,7
www.anisalud.com.warc.gz,2
www.anlis.gov.ar.warc.gz,12
www.anmm.org.mx.warc.gz,21
www.anpeepilepsia.org.warc.gz,0
www.anshda.org.warc.gz,0
www.ansiedadyestres.org.warc.gz,1
www.ansietat.org.warc.gz,0
www.antonio-icardo.com.warc.gz,0
www.apacvillena.org.warc.gz,0
www.apanefa.org.warc.gz,0
www.apanet.org.es.warc.gz,0
www.apascide.org.warc.gz,0
www.apiceepilepsia.org.warc.gz,1
www.apture.org.warc.gz,0
www.aquilea.com.warc.gz,3
www.archbronconeumol.org.warc.gz,293
www.areasaludbadajoz.com.warc.gz,11
www.areasaludcaceres.es.warc.gz,9
www.argar.info.warc.gz,2
www.argentinadiabetes.org.warc.gz,0
www.ariadna-olesa.org.warc.gz,0
www.aroal.info.warc.gz,0
www.aromics.es.warc.gz,6
www.arpaafasia.es.warc.gz,0
www.arpamedica.es.warc.gz,0
www.arthrosur.es.warc.gz,0
www.artricas.com.warc.gz,0
www.artritishoy.es.warc.gz,0
www.asalfa.org.ar.warc.gz,0
www.asamma.org.warc.gz,0
www.asanhemo.org.warc.gz,3
www.asapar.com.warc.gz,1
www.asapechavae.org.warc.gz,0
www.ascasam.org.warc.gz,3
www.ascolcyl.org.warc.gz,0
www.asecma.org.warc.gz,42
www.asefasalud.es.warc.gz,4
www.asemgalicia.com.warc.gz,1
www.asemic.es.warc.gz,0
www.asemmadrid.org.warc.gz,1
www.asepar.org.warc.gz,5
www.asfape.org.warc.gz,0
www.ashfieldhealthcare.com.warc.gz,1
www.ashua.es.warc.gz,0
www.asiasuport.org.warc.gz,0
www.aslaalzheimer.org.warc.gz,0
www.asleuval.org.warc.gz,2
www.asmamadrid.org.warc.gz,0
www.asmanet.es.warc.gz,4
www.asociacionalzheimer.com.warc.gz,0
www.asociacionandaluzadeldolor.es.warc.gz,0
www.asociacionandaluzadeurologia.es.warc.gz,0
www.asociacionandaluzadeurologia.net.warc.gz,2
www.asociacionarme.org.warc.gz,0
www.asociacionasaco.es.warc.gz,6
www.asociacionauvea.es.warc.gz,1
www.asociacionayuda.org.warc.gz,0
www.asociacion-caminando.org.warc.gz,0
www.asociaciondeostomizados.com.warc.gz,0
www.asociaciondepompe.org.warc.gz,2
www.asociacionsaray.com.warc.gz,0
www.asociacionsolc.com.warc.gz,0
www.asociacionsosictus.com.warc.gz,0
www.asociacionsotos.org.warc.gz,0
www.asocide.org.warc.gz,2
www.asoeasociacion.org.warc.gz,0
www.aspanoa.org.warc.gz,1
www.asperga.org.warc.gz,0
www.asperger.es.warc.gz,0
www.aspronis.com.warc.gz,4
www.asseii.com.warc.gz,1
www.astursalud.es.warc.gz,71
www.ataxias-galicia.org.warc.gz,0
www.atencionfarmaceutica-ugr.es.warc.gz,0
www.ath.cat.warc.gz,2
www.atlantida.net.warc.gz,0
www.aucex.es.warc.gz,0
www.audioprotesistas.org.warc.gz,1
www.aulaclinic.com.warc.gz,1
www.auladelafarmacia.com.warc.gz,9
www.aularadiologica.com.warc.gz,0
www.autismecatalunya.com.warc.gz,0
www.autisme.com.warc.gz,0
www.autismoava.org.warc.gz,1
www.autolesion.com.warc.gz,0
www.avaar.org.warc.gz,0
www.avaic.es.warc.gz,3
www.avantmedic.com.warc.gz,0
www.avcota.com.warc.gz,0
www.aveaca.org.ar.warc.gz,3
www.avericum.com.warc.gz,0
www.avesedari.com.warc.gz,0
www.avpap.org.warc.gz,4
www.azusalud.com.warc.gz,0
www.b1b2b3.org.warc.gz,0
www.bancoadn.org.warc.gz,0
www.bancofarmaceutico.es.warc.gz,0
www.bancsang.net.warc.gz,8
www.barnaclinic.com.warc.gz,2
www.barraquer.com.warc.gz,0
www.bazterrica.com.ar.warc.gz,0
www.bbraun.es.warc.gz,3
www.bcnpatolegs.com.warc.gz,0
www.behcet.es.warc.gz,4
www.bekiasalud.com.warc.gz,0
www.bellvitgehospital.cat.warc.gz,1
www.berri.es.warc.gz,11
www.bezzia.com.warc.gz,0
www.bibliosalut.com.warc.gz,0
www.biobancos2013.grupoaran.com.warc.gz,0
www.biobancovasco.org.warc.gz,1
www.biocat.cat.warc.gz,8
www.biodonostia.org.warc.gz,4
www.bioef.org.warc.gz,4
www.biopat.es.warc.gz,1
www.biosim.es.warc.gz,0
www.biotica.es.warc.gz,2
www.bipolars.org.warc.gz,2
www.blaumedica.com.warc.gz,0
www.blogdeasisa.es.warc.gz,0
www.blogdesalud.riberasalud.com.warc.gz,0
www.blog.iacsaragon.es.warc.gz,0
www.boehringer-ingelheim.es.warc.gz,4
www.boloncol.com.warc.gz,0
www.boltexmedical.com.warc.gz,0
www.borealsalud.com.ar.warc.gz,0
www.btlnet.es.warc.gz,0
www.buceoysalud.com.warc.gz,0
www.bvscuba.sld.cu.warc.gz,0
www.bvsde.paho.org.warc.gz,0
www.bvsspa.es.warc.gz,1
www.cabd.es.warc.gz,0
www.cadime.es.warc.gz,1
www.caduceosalud.es.warc.gz,2
www.caib.es.warc.gz,199
www.calidadappsalud.com.warc.gz,6
www.calvomackenna.cl.warc.gz,1
www.caminandobogota.net.warc.gz,0
www.canaldiabetes.com.warc.gz,1
www.cancerdelasangre.com.warc.gz,0
www.cancerdepiel.org.warc.gz,0
www.cancer.gov.warc.gz,28
www.cancer.net.warc.gz,28
www.cancer.org.warc.gz,568
www.cancerpiel.es.warc.gz,0
www.cancerquest.org.warc.gz,0
www.cantabrialabs.es.warc.gz,0
www.capriles-urgencias.com.warc.gz,0
www.cardiofamilia.org.warc.gz,2
www.carenity.es.warc.gz,0
www.carlosboveda.com.warc.gz,0
www.carneysalud.com.warc.gz,6
www.casadesalud.es.warc.gz,0
www.catalogodelasalud.com.warc.gz,9
www.ccmijesususon.com.warc.gz,11
www.cdc.gov.warc.gz,356
www.cedaonline.com.ar.warc.gz,0
www.cedd.net.warc.gz,6
www.cedimcat.info.warc.gz,0
www.ceife.es.warc.gz,0
www.celiacosmadrid.org.warc.gz,2
www.celiacos.org.warc.gz,2
www.cenexa.org.warc.gz,0
www.centreassistencialbaixllobregat.com.warc.gz,0
www.centrefisioterapiakine.com.warc.gz,0
www.centrelondres94.com.warc.gz,0
www.centremedicalomar.es.warc.gz,0
www.centrodehemoterapiacyl.es.warc.gz,4
www.centrodereconocimientos.com.warc.gz,0
www.centromedicoalboran.com.warc.gz,0
www.centromedicobenviure.com.warc.gz,0
www.centromedicocatalunya.com.warc.gz,0
www.centro-medico.com.warc.gz,0
www.centromedicoelcarmen.es.warc.gz,0
www.centromedicosanyter.com.warc.gz,0
www.centromiguelnaranjo.com.warc.gz,0
www.centroulcerascronicas.com.warc.gz,2
www.cepep.org.py.warc.gz,1
www.checkthemeds.com.warc.gz,0
www.chospab.es.warc.gz,44
www.ciber-bbn.es.warc.gz,7
www.cibercv.es.warc.gz,0
www.ciberdem.org.warc.gz,5
www.ciberehd.org.warc.gz,7
www.ciberer.es.warc.gz,22
www.ciberer-maper.es.warc.gz,0
www.ciberes.org.warc.gz,8
www.ciberobn.es.warc.gz,9
www.cibersam.es.warc.gz,8
www.cicbiogune.es.warc.gz,1
www.ciccartuja.es.warc.gz,1
www.cidob.org.warc.gz,28
www.cienciasdelasalud.edu.ar.warc.gz,5
www.cienciasinseso.com.warc.gz,0
www.cifchile.cl.warc.gz,0
www.cinfasalud.com.warc.gz,8
www.cipf.es.warc.gz,2
www.ciren.cu.warc.gz,0
www.cirugia-estetica.com.warc.gz,0
www.cirugiasanchinarro.com.warc.gz,1
www.cirujanosplasticosmadrid.com.warc.gz,0
www.cita-alzheimer.org.warc.gz,0
www.cita-aragon.es.warc.gz,1
www.clibalears.com.warc.gz,0
www.clinica-atenea.com.warc.gz,0
www.clinicabeiman.es.warc.gz,0
www.clinicabelladona.com.warc.gz,0
www.clinicabenalmadena.com.warc.gz,0
www.clinicabenidorm.com.warc.gz,2
www.clinicabofill.net.warc.gz,4
www.clinicacallao.com.warc.gz,0
www.clinicacampoamor.com.warc.gz,0
www.clinicacemtro.com.warc.gz,1
www.clinicadator.com.warc.gz,0
www.clinicadelaasuncion.com.warc.gz,12
www.clinicadentalcesargallego.com.warc.gz,0
www.clinicadentaltresd.com.warc.gz,0
www.clinicaelbosque.com.warc.gz,0
www.clinicaelmolinon.es.warc.gz,0
www.clinicafatima.es.warc.gz,0
www.clinicagallego.com.warc.gz,0
www.clinicaklendal.com.warc.gz,0
www.clinicalaantigua.es.warc.gz,3
www.clinicalascondes.cl.warc.gz,5
www.clinicalosalamos.com.warc.gz,0
www.clinicamirave.es.warc.gz,0
www.clinicansguadalupe.com.warc.gz,0
www.clinicaoliveguma.es.warc.gz,0
www.clinicaplanas.com.warc.gz,3
www.clinicapuertadelmoro.com.warc.gz,0
www.clinicareinafabiola.com.ar.warc.gz,0
www.clinicaremei.org.warc.gz,0
www.clinicarementeria.es.warc.gz,0
www.clinicarotger.com.warc.gz,0
www.clinicasagradafamilia.com.warc.gz,0
www.clinicasanfelipe.com.warc.gz,0
www.clinicasanmiguel.es.warc.gz,0
www.clinicasanseveriano.com.warc.gz,0
www.clinica-santa-elena.org.warc.gz,0
www.clinicasanvicente.es.warc.gz,6
www.clinicascita.com.warc.gz,0
www.clinicasguadalhorce.com.warc.gz,0
www.clinicaslobo.es.warc.gz,0
www.clinicasmc.com.warc.gz,0
www.clinicasnovovision.com.warc.gz,0
www.clinicasrincon.com.warc.gz,0
www.clinicaszentrum.es.warc.gz,0
www.clinicatecma.es.warc.gz,0
www.clinicauniversal.com.warc.gz,0
www.clinicum.es.warc.gz,0
www.clinitrafic.es.warc.gz,0
www.clubaulamedica.com.warc.gz,1
www.clubdelafarmacia.com.warc.gz,0
www.clubdelhipertenso.es.warc.gz,0
www.clustersalud.es.warc.gz,0
www.cmaestranza.com.warc.gz,0
www.cmafacam.com.warc.gz,0
www.cmbergueda.com.warc.gz,0
www.cmb.eus.warc.gz,3
www.cmcsl.org.warc.gz,0
www.cmed.es.warc.gz,10
www.cmedicmartorell.com.warc.gz,2
www.cmmeisa.com.warc.gz,1
www.cmm-sl.com.warc.gz,0
www.cmrb.eu.warc.gz,10
www.cnb.csic.es.warc.gz,6
www.cnic.es.warc.gz,17
www.cnse.es.warc.gz,1
www.cocemfecantabria.org.warc.gz,2
www.codinma.es.warc.gz,1
www.cofares.es.warc.gz,1
www.cofb.org.warc.gz,2
www.cofgipuzkoa.com.warc.gz,0
www.colegiologopedas-cv.org.warc.gz,1
www.colegiologopediaclm.com.warc.gz,0
www.colesterolfamiliar.org.warc.gz,12
www.colsanitas.com.warc.gz,2
www.cometelasopa.com.warc.gz,0
www.comib.com.warc.gz,5
www.compendiodenfermeria.com.warc.gz,0
www.conapeme.org.warc.gz,0
www.conartritis.org.warc.gz,22
www.concienciaformacion.com.warc.gz,0
www.concienciaynutricion.es.warc.gz,0
www.confepar.org.warc.gz,0
www.congresocronicos.org.warc.gz,3
www.congresosemi.org.warc.gz,0
www.consalud.es.warc.gz,1
www.consejogeneralenfermeria.org.warc.gz,51
www.consultorsalud.com.warc.gz,7
www.contralameningitis.org.warc.gz,0
www.coreadehcyl.org.warc.gz,4
www.coreradiologico.com.warc.gz,0
www.corneliadelange.es.warc.gz,0
www.cornersalud.com.warc.gz,0
www.correofarmaceutico.com.warc.gz,0
www.cosaga.com.warc.gz,4
www.cpamonitorsalud.com.warc.gz,0
www.cparanda.com.warc.gz,0
www.cragenomica.es.warc.gz,4
www.crecimiento.org.warc.gz,0
www.creu-blanca.es.warc.gz,0
www.crg.eu.warc.gz,46
www.cribadocancer.es.warc.gz,0
www.cronicidadhoy.es.warc.gz,0
www.cruzazulsalud.com.ar.warc.gz,0
www.csa.cat.warc.gz,21
www.csb.cat.warc.gz,1
www.csdm.cat.warc.gz,0
www.csi.cat.warc.gz,4
www.csjesusmarin.es.warc.gz,0
www.cuidadoras.net.warc.gz,0
www.cuidando.es.warc.gz,1
www.cuidando.org.warc.gz,0
www.cuidarbien.es.warc.gz,0
www.cuidateconsalud.com.warc.gz,0
www.curemoselparkinson.org.warc.gz,2
www.cursohigienistadental.com.warc.gz,0
www.curso-mir.com.warc.gz,3
www.cursosparamedicos.com.warc.gz,0
www.cursourologiamadrid.com.warc.gz,0
www.dacemur.es.warc.gz,0
www.dacer.org.warc.gz,1
www.danielandres.es.warc.gz,0
www.dasi.es.warc.gz,0
www.davidarehabilitacion.com.warc.gz,0
www.dcienciasalud.com.warc.gz,0
www.deficitdehierro.com.warc.gz,0
www.delavegaruiz.es.warc.gz,0
www.dentalpalmaplanas.com.warc.gz,0
www.dermapixel.com.warc.gz,0
www.despresdelsuicidi.org.warc.gz,0
www.deustosalud.com.warc.gz,0
www.dexeus.com.warc.gz,22
www.dgenes.es.warc.gz,1
www.diabepedia.com.ar.warc.gz,0
www.diabetenerife.org.warc.gz,1
www.diabetesinfantilcht.com.warc.gz,0
www.diabeweb.com.warc.gz,1
www.diamundialdelalzheimer.com.warc.gz,0
www.dianasalud.com.warc.gz,0
www.diariomedico.com.warc.gz,0
www.diatros.com.warc.gz,19
www.diccionario-medico.com.warc.gz,0
www.dietacoherente.com.warc.gz,1
www.dipex.es.warc.gz,0
www.directorio-de-salud.com.warc.gz,0
www.discapacidad-cantabria.info.warc.gz,9
www.divasa-farmavic.com.warc.gz,0
www.dlongwood.com.warc.gz,17
www.doctologia.es.warc.gz,0
www.doctorafortuny.com.warc.gz,0
www.doctorcasado.es.warc.gz,0
www.doctordanielgonzalez.com.warc.gz,0
www.doctorherrerolozano.es.warc.gz,0
www.doctormartinezgutierrez.com.warc.gz,0
www.doctorterren.com.warc.gz,0
www.doctutor.es.warc.gz,2
www.docvadis.es.warc.gz,0
www.dolordecabeza.net.warc.gz,0
www.dolorypaliativos.org.warc.gz,0
www.domi-salud.com.warc.gz,0
www.dosemociones.com.warc.gz,0
www.downcantabria.com.warc.gz,2
www.dreamgenics.com.warc.gz,8
www.drgen.com.ar.warc.gz,0
www.drjosepmorera.com.warc.gz,0
www.drlopezheras.com.warc.gz,0
www.drofar.com.ar.warc.gz,0
www.drogomedia.com.warc.gz,0
www.easp.es.warc.gz,5
www.easydna.es.warc.gz,0
www.ecografiadebolsillo.com.warc.gz,0
www.ecured.cu.warc.gz,0
www.ee.lafe.san.gva.es.warc.gz,0
www.efesalud.com.warc.gz,0
www.efisioterapia.net.warc.gz,0
www.e-huntington.com.warc.gz,0
www.e-huntington.es.warc.gz,0
www.eiviluxury.com.warc.gz,1
www.elaandalucia.es.warc.gz,1
www.e-lactancia.org.warc.gz,72
www.elbaulradiologico.com.warc.gz,0
www.elblogazul.es.warc.gz,1
www.elblogdemercksalud.es.warc.gz,0
www.elblogderosa.es.warc.gz,0
www.elblogdetubebe.com.warc.gz,0
www.elea.com.warc.gz,57
www.elenaconde.com.warc.gz,0
www.elhospital.com.warc.gz,12
www.embarazoymas.net.warc.gz,0
www.em-consulte.com.warc.gz,22
www.emsevilla.es.warc.gz,3
www.emvet.es.warc.gz,0
www.enciclopediasalud.com.warc.gz,0
www.endoinfo.org.warc.gz,0
www.ene-enfermeria.org.warc.gz,1
www.enferdocente.es.warc.gz,0
www.enfermedadesgraves.com.warc.gz,0
www.enfermerasaturada.es.warc.gz,0
www.enfermeria21.com.warc.gz,1
www.enfermeriaaps.com.warc.gz,0
www.enfermeriacantabria.com.warc.gz,33
www.enfermeriadeciudadreal.com.warc.gz,0
www.enfermeriadeurgencias.com.warc.gz,11
www.enfermeriaencardiologia.com.warc.gz,34
www.enfermerialava.org.warc.gz,0
www.enfermeriaperu.com.warc.gz,3
www.enfermeriarespira.es.warc.gz,0
www.enfermeriasegovia.com.warc.gz,1
www.enfermeriasoria.com.warc.gz,0
www.enfermeriatv.es.warc.gz,0
www.enfermerodeurgencias.com.warc.gz,0
www.enfersalud.com.warc.gz,0
www.eoncologica.com.warc.gz,0
www.epes.es.warc.gz,24
www.eresa.com.warc.gz,0
www.ergonautas.upv.es.warc.gz,0
www.esalud.com.warc.gz,0
www.esclerosismultiple.es.warc.gz,0
www.escueladepacientes.es.warc.gz,1
www.escueladesaludgallego.es.warc.gz,0
www.esparkinson.es.warc.gz,5
www.especialistasya.com.warc.gz,0
www.esportadaptat.cat.warc.gz,0
www.esteve.com.warc.gz,1
www.estevefarma.com.warc.gz,0
www.estudiodesalud.com.warc.gz,0
www.etapainfantil.com.warc.gz,0
www.eugin.com.co.warc.gz,7
www.eunate.org.warc.gz,0
www.eupharlaw.com.warc.gz,4
www.everexpharma.com.ar.warc.gz,0
www.eviclinic.es.warc.gz,0
www.eyriesalud.com.warc.gz,0
www.faam.es.warc.gz,10
www.facisaune.edu.py.warc.gz,0
www.fac.org.ar.warc.gz,100
www.faecap.com.warc.gz,11
www.fafac.cat.warc.gz,0
www.fameargentina.com.ar.warc.gz,0
www.farline.es.warc.gz,0
www.farmaceuticoscomunitarios.org.warc.gz,4
www.farmaceuticosdesevilla.es.warc.gz,2
www.farmaconsulting.es.warc.gz,18
www.farmasuya.com.warc.gz,0
www.farmaventas.es.warc.gz,0
www.fcarreras.org.warc.gz,2
www.fcd.cat.warc.gz,0
www.fcv.org.warc.gz,0
www.fecpc.cat.warc.gz,0
www.fedacam.org.warc.gz,0
www.fedeal.org.warc.gz,0
www.fedeepilepsia.org.warc.gz,0
www.fedefarma.com.warc.gz,1
www.fedefarma.org.warc.gz,0
www.fedesp.es.warc.gz,17
www.fefoc.org.warc.gz,0
www.fejidif.org.warc.gz,2
www.fekoor.com.warc.gz,5
www.fellowshipgilead.es.warc.gz,0
www.felupus.org.warc.gz,0
www.femacpa.com.warc.gz,1
www.fem.es.warc.gz,5
www.femmcirugiaestetica.com.warc.gz,1
www.fenin.es.warc.gz,1
www.ferato.com.warc.gz,0
www.fescan.es.warc.gz,6
www.fesemi.org.warc.gz,159
www.fevafa.org.warc.gz,4
www.ffis.es.warc.gz,16
www.ffomc.org.warc.gz,8
www.fibrodolor.org.warc.gz,0
www.fibromialgia-asturias.org.warc.gz,0
www.fibromialgia.cat.warc.gz,0
www.fibrosiquistica.org.warc.gz,4
www.fibrostatin.com.warc.gz,0
www.ficyt.es.warc.gz,9
www.fidic.org.co.warc.gz,0
www.filse.org.warc.gz,0
www.fipec.net.warc.gz,0
www.fisatbcn.es.warc.gz,0
www.fisioclinicreus.com.warc.gz,0
www.fisiodue.com.warc.gz,0
www.fisiofocus.com.warc.gz,1
www.fisiomedical.es.warc.gz,0
www.fisios.net.warc.gz,0
www.fisiosportmaresme.com.warc.gz,0
www.fisioterapiaaguilar.com.warc.gz,0
www.fisioterapia-online.com.warc.gz,0
www.fisioterapiaonline.com.warc.gz,0
www.fisioterapiavitalia.com.warc.gz,0
www.fismed.es.warc.gz,0
www.fisterra.com.warc.gz,0
www.fjd.es.warc.gz,22
www.fleni.org.ar.warc.gz,1
www.fmdv.org.warc.gz,5
www.fmfspain.com.warc.gz,0
www.fneuroblastoma.org.warc.gz,0
www.foicam.es.warc.gz,0
www.fontilles.org.warc.gz,0
www.for-emer.com.warc.gz,0
www.formacionysalud.com.warc.gz,0
www.fqgalicia.org.warc.gz,0
www.fremap.es.warc.gz,243
www.frenoalictus.org.warc.gz,2
www.fsjd.org.warc.gz,2
www.fucimed.org.warc.gz,0
www.fuesmen.edu.ar.warc.gz,0
www.fundacioace.com.warc.gz,2
www.fundacioaltem.org.warc.gz,0
www.fundaciolluisalcanyis.org.warc.gz,0
www.fundacionadana.org.warc.gz,13
www.fundacion-alborada.org.warc.gz,0
www.fundacionalzheimer.com.warc.gz,0
www.fundacioncadah.org.warc.gz,0
www.fundacioncaico.org.warc.gz,0
www.fundacioncien.es.warc.gz,35
www.fundacioncirhma.org.warc.gz,2
www.fundaciondelcerebro.es.warc.gz,1
www.fundaciondelcorazon.com.warc.gz,71
www.fundaciondiabetes.org.warc.gz,117
www.fundacioneco.es.warc.gz,0
www.fundacionendeu.org.warc.gz,0
www.fundacionimo.org.warc.gz,1
www.fundacionisys.org.warc.gz,0
www.fundacionlucia.org.warc.gz,0
www.fundacionmercksalud.com.warc.gz,18
www.fundacionpfizer.org.warc.gz,28
www.fundacionquaes.org.warc.gz,0
www.fundacionriojasalud.org.warc.gz,4
www.fundacionsalesa.org.warc.gz,2
www.fundacionstepbystep.com.warc.gz,0
www.fundacio-puigvert.es.warc.gz,0
www.fundaleu.org.warc.gz,0
www.fundame.net.warc.gz,1
www.fundesoasturias.com.warc.gz,0
www.gacetadental.com.warc.gz,4
www.gacetamedica.com.warc.gz,20
www.gado.es.warc.gz,0
www.garrahan.gov.ar.warc.gz,33
www.gastrocol.com.warc.gz,0
www.gastronutriped.com.warc.gz,4
www.gecp.org.warc.gz,3
www.geicam.org.warc.gz,17
www.geicogroup.com.warc.gz,1
www.geino.es.warc.gz,1
www.gemasma.com.warc.gz,0
www.gemcad.es.warc.gz,0
www.gemd.org.warc.gz,2
www.generaldesalud.com.mx.warc.gz,3
www.genyca.es.warc.gz,2
www.geosalud.com.warc.gz,2
www.gepac.es.warc.gz,7
www.gethi.org.warc.gz,1
www.gicor.es.warc.gz,0
www.ginecologomx.com.warc.gz,0
www.ginemed.es.warc.gz,6
www.glucogenosis.org.warc.gz,0
www.gmlopezcano.com.warc.gz,0
www.gnation.com.warc.gz,0
www.grfuncional.com.warc.gz,0
www.groupgem.es.warc.gz,21
www.grupagata.org.warc.gz,1
www.grupatra.org.warc.gz,4
www.grupclinic.cat.warc.gz,0
www.grupgoco.org.warc.gz,0
www.grupnexus.com.warc.gz,18
www.grupoalter.es.warc.gz,0
www.grupodeurologiapediatrica.com.warc.gz,0
www.grupogamma.com.warc.gz,1
www.grupohla.com.warc.gz,0
www.grupopoliclinica.es.warc.gz,1
www.grupo-praxis.com.warc.gz,0
www.gruposolti.org.warc.gz,2
www.grupvida.cat.warc.gz,0
www.guiadeenfermeria.org.warc.gz,0
www.guttmann.com.warc.gz,5
www.halotechdna.com.warc.gz,7
www.haysoluciones.com.warc.gz,0
www.hca.es.warc.gz,0
www.hcg.udg.mx.warc.gz,53
www.hcuz.es.warc.gz,1
www.hdsc.org.warc.gz,0
www.hedonai.com.warc.gz,0
www.hefame.es.warc.gz,1
www.helpingcancer.tv.warc.gz,0
www.hematologialafe.es.warc.gz,8
www.hematologiamadrid.org.warc.gz,12
www.hemofiliabizkaia.com.warc.gz,0
www.hemofilia.cat.warc.gz,0
www.hemofiliagalicia.com.warc.gz,0
www.hemofilia.org.ar.warc.gz,9
www.hestiaalliance.org.warc.gz,0
www.hgc.es.warc.gz,9
www.hgy.es.warc.gz,1
www.hidesaragon.org.warc.gz,2
www.hidesasturias.com.warc.gz,5
www.hipocampo.org.warc.gz,0
www.histocell.com.warc.gz,0
www.hllevant.com.warc.gz,0
www.hmcinac.com.warc.gz,0
www.hmgabinetevelazquez.com.warc.gz,0
www.hmmadrid.com.warc.gz,0
www.hmmodelo.com.warc.gz,0
www.hmmonteprincipe.com.warc.gz,1
www.hmnuevobelen.com.warc.gz,0
www.hmsanfrancisco.es.warc.gz,0
www.hmtorrelodones.com.warc.gz,0
www.hospitalaleman.org.ar.warc.gz,0
www.hospitalcima.es.warc.gz,0
www.hospitalclinic.org.warc.gz,14
www.hospitaldejove.com.warc.gz,0
www.hospitaldelareina.com.warc.gz,0
www.hospitalfatima.es.warc.gz,225
www.hospitalgermanstrias.cat.warc.gz,1
www.hospitalinfantillapaz.com.warc.gz,0
www.hospitaljuancardona.es.warc.gz,0
www.hospitallapaloma.com.warc.gz,0
www.hospitallazarzuela.es.warc.gz,0
www.hospitalloayza.gob.pe.warc.gz,0
www.hospitallosmadronos.es.warc.gz,0
www.hospitalpenna.com.ar.warc.gz,0
www.hospitalposadas.gov.ar.warc.gz,7
www.hospitalprovincial.es.warc.gz,6
www.hospitalrosario.es.warc.gz,0
www.hospitalsanrafael.es.warc.gz,0
www.hospitalsantaclotilde.es.warc.gz,0
www.hospitalsierrallana.com.warc.gz,2
www.hospitaluvrocio.es.warc.gz,10
www.hospitalveugenia.com.warc.gz,0
www.hospitalvirgendelmar.es.warc.gz,0
www.hospitalvot.es.warc.gz,0
www.hospitalvpaloma.com.warc.gz,0
www.hsanagustin.es.warc.gz,0
www.hscor.com.warc.gz,9
www.hsfda.com.warc.gz,0
www.hsnstore.com.warc.gz,0
www.humv.es.warc.gz,16
www.husc.es.warc.gz,8
www.huvn.es.warc.gz,4
www.iacs.es.warc.gz,11
www.iberoinvesa-pharma.com.warc.gz,1
www.iberomed.es.warc.gz,0
www.ibgm.med.uva.es.warc.gz,0
www.ibis-sevilla.es.warc.gz,28
www.ibmb.csic.es.warc.gz,0
www.ibor.net.warc.gz,0
www.ibr-conicet.gov.ar.warc.gz,0
www.ibsalut.es.warc.gz,1127
www.ibv.org.warc.gz,22
www.icapem.es.warc.gz,1
www.icba.com.ar.warc.gz,0
www.icic.es.warc.gz,3
www.icomem.es.warc.gz,0
www.icscyl.com.warc.gz,1
www.idiapjgol.org.warc.gz,0
www.idibaps.org.warc.gz,16
www.idibell.cat.warc.gz,2
www.idic15q.com.warc.gz,0
www.idim.com.ar.warc.gz,2
www.idipaz.es.warc.gz,17
www.idisantiago.es.warc.gz,2
www.idisna.es.warc.gz,4
www.idissc.org.warc.gz,8
www.idytur.es.warc.gz,133
www.iecs.org.ar.warc.gz,10
www.iensa.es.warc.gz,0
www.ifibyne.fcen.uba.ar.warc.gz,1
www.ifi-promesa.com.ec.warc.gz,0
www.ig.csic.es.warc.gz,0
www.igerontologico.com.warc.gz,0
www.ige.sld.cu.warc.gz,0
www.iics.una.py.warc.gz,0
www.iisgaliciasur.es.warc.gz,4
www.iisgm.com.warc.gz,8
www.iislafe.es.warc.gz,11
www.iis-princesa.org.warc.gz,18
www.iispv.cat.warc.gz,3
www.ikerbasque.net.warc.gz,0
www.imagendiagnostica.es.warc.gz,1
www.imdsd.es.warc.gz,0
www.imedelche.com.warc.gz,0
www.imestetico.es.warc.gz,8
www.imfarmacias.es.warc.gz,0
www.imibic.org.warc.gz,0
www.imim.cat.warc.gz,3
www.imim.es.warc.gz,0
www.immedicohospitalario.es.warc.gz,0
www.immunitasvera.org.warc.gz,0
www.impulsoraysalud.com.warc.gz,0
www.inan.gov.py.warc.gz,0
www.inbiomed.org.warc.gz,0
www.inbiotec.com.warc.gz,0
www.incan-mexico.org.warc.gz,18
www.inciensa.sa.cr.warc.gz,26
www.incliva.es.warc.gz,98
www.incn.gob.pe.warc.gz,0
www.ineco.org.ar.warc.gz,0
www.iner.salud.gob.mx.warc.gz,0
www.infectologia.edu.uy.warc.gz,14
www.infermeravirtual.com.warc.gz,5
www.infermeriabalear.com.warc.gz,84
www.infocefalia.com.warc.gz,0
www.infocif.es.warc.gz,0
www.infopaciente.com.warc.gz,0
www.informapacientes.es.warc.gz,0
www.informarseessalud.org.warc.gz,0
www.info-salud.net.warc.gz,0
www.infosalut.com.warc.gz,1
www.infurg-semes.org.warc.gz,6
www.inibic.es.warc.gz,12
www.inkafarma.com.pe.warc.gz,0
www.inmp.gob.pe.warc.gz,1
www.in-pacient.es.warc.gz,0
www.ins.gov.co.warc.gz,122
www.insn.gob.pe.warc.gz,1
www.institutobiologico.com.warc.gz,0
www.institutsguirado.com.warc.gz,0
www.insuficiencia-cardiaca.com.warc.gz,0
www.interalia.es.warc.gz,0
www.invesbiofarm.com.warc.gz,0
www.investigacionyciencia.es.warc.gz,1
www.ioa.es.warc.gz,0
www.iobms.com.warc.gz,0
www.iom.es.warc.gz,0
www.ipb.csic.es.warc.gz,0
www.ipla.csic.es.warc.gz,0
www.ippok.com.warc.gz,0
www.iqm.csic.es.warc.gz,2
www.iraila.org.warc.gz,0
www.iram.cl.warc.gz,0
www.irblleida.org.warc.gz,0
www.irflasalle.es.warc.gz,0
www.irsicaixa.es.warc.gz,1
www.irycis.org.warc.gz,1
www.isglobal.org.warc.gz,14
www.ispch.cl.warc.gz,8
www.itaca.edu.es.warc.gz,0
www.itemas.org.warc.gz,1
www.iuct.com.warc.gz,0
www.ivanesalud.com.warc.gz,0
www.ivo.es.warc.gz,8
www.ivoox.com.warc.gz,0
www.jano.es.warc.gz,0
www.janssen.com.warc.gz,32
www.jnjconsumer.es.warc.gz,0
www.jornadasbibliosalud.es.warc.gz,0
www.josemanuelpascualpascual.es.warc.gz,0
www.kineopatik.com.warc.gz,0
www.kreamics.org.warc.gz,0
www.labolife.com.warc.gz,2
www.labomega.com.ar.warc.gz,0
www.laboratoriosbernabo.com.warc.gz,0
www.labtestsonline.es.warc.gz,0
www.laenfermeria.es.warc.gz,1
www.laespanolasalud.com.warc.gz,0
www.lafactoriacuidando.com.warc.gz,0
www.lafedar.com.warc.gz,0
www.laff.es.warc.gz,15
www.lainfertilidad.com.warc.gz,0
www.lalcec.org.ar.warc.gz,0
www.lamilagrosa.com.warc.gz,1
www.laringealava.org.warc.gz,0
www.lavidaconherniadiafragmaticacongenita.org.warc.gz,0
www.leitat.org.warc.gz,0
www.lestada.com.warc.gz,0
www.levar.es.warc.gz,0
www.libreeleccion.sanidadmadrid.org.warc.gz,0
www.ligadiabetes.com.warc.gz,4
www.lilly.es.warc.gz,0
www.linfedemagalicia.com.warc.gz,0
www.lipipedia.com.warc.gz,0
www.lire.es.warc.gz,0
www.logopedasaragon.com.warc.gz,0
www.logopedascantabria.org.warc.gz,0
www.luciamipediatra.com.warc.gz,0
www.ludovica.org.ar.warc.gz,0
www.lupusvalencia.org.warc.gz,1
www.macula-retina.es.warc.gz,0
www.manantial-salud.com.warc.gz,0
www.marfan.es.warc.gz,0
www.marietan.com.warc.gz,0
www.masterurologiafuncional.com.warc.gz,0
www.mastocitosis.com.warc.gz,1
www.matiafundazioa.net.warc.gz,0
www.matronasamane.com.warc.gz,0
www.maynet.es.warc.gz,0
www.mdanderson.es.warc.gz,0
www.medblog.es.warc.gz,0
www.medicapanamericana.com.warc.gz,0
www.medicina21.com.warc.gz,0
www.medicinabuenosaires.com.warc.gz,0
www.medicinaclara.tv.warc.gz,0
www.medicinaintegrativa.com.warc.gz,0
www.medicina-intensiva.com.warc.gz,0
www.medicinapersonalizadagenomica.com.warc.gz,0
www.medicinasalternativas.online.warc.gz,0
www.medicinatv.com.warc.gz,0
www.medicina.udl.cat.warc.gz,0
www.medicinavascularweb.com.ar.warc.gz,0
www.medicinaymercado.es.warc.gz,0
www.mediconecta.com.warc.gz,3
www.medicosdemurcia.com.warc.gz,39
www.medicosderonda.es.warc.gz,0
www.medicosespecialistasen.com.warc.gz,0
www.medicoslaspalmas.es.warc.gz,5
www.medicosmir.com.warc.gz,0
www.medicosresidentes.com.warc.gz,0
www.medicosrioja.com.warc.gz,76
www.medinadiscovery.com.warc.gz,1
www.medintensiva.org.warc.gz,142
www.medscape.com.warc.gz,2
www.medulardigital.com.warc.gz,0
www.med.uva.es.warc.gz,1
www.medwave.cl.warc.gz,0
www.melanomaespana.es.warc.gz,0
www.menarini.es.warc.gz,1
www.menoresconcancer.org.warc.gz,0
www.mgc.es.warc.gz,33
www.midietacojea.com.warc.gz,0
www.midolordecabeza.org.warc.gz,0
www.mieloma.com.warc.gz,1
www.mifas.cat.warc.gz,0
www.mimetis.com.warc.gz,0
www.mipediatra.com.warc.gz,0
www.mirifarma.com.warc.gz,0
www.mitrestorres.com.warc.gz,0
www.montesalud.com.warc.gz,0
www.mscbs.gob.es.warc.gz,900
www.msdsalud.es.warc.gz,16
www.mspbs.gov.py.warc.gz,85
www.mtc.es.warc.gz,1
www.mujerysalud.es.warc.gz,0
www.multiestetica.com.warc.gz,0
www.mundolab.com.warc.gz,9
www.mundotorrino.com.warc.gz,0
www.murciasalud.es.warc.gz,137
www.muyinteresante.es.warc.gz,0
www.muysaludable.cl.warc.gz,0
www.mylan.es.warc.gz,0
www.nagen1000navarra.es.warc.gz,0
www.navarrabiomed.es.warc.gz,3
www.navarra.es.warc.gz,777
www.neefusa.org.warc.gz,0
www.negligenciasmedicas.com.warc.gz,5
www.neonatologiahps.com.ar.warc.gz,0
www.nestlehealthscience.es.warc.gz,5
www.neurocirugiauc.cl.warc.gz,0
www.neurofisiologia.com.es.warc.gz,0
www.neuropsicolatina.org.warc.gz,0
www.neurorecursos.com.warc.gz,0
www.newmedicaleconomics.es.warc.gz,12
www.neyro.com.warc.gz,0
www.niddk.nih.gov.warc.gz,3
www.ninoscontraelcancer.org.warc.gz,0
www.nirco.com.warc.gz,0
www.noledeslaespalda.es.warc.gz,0
www.noonanasturias.com.warc.gz,0
www.normassalud.com.warc.gz,24
www.normon.es.warc.gz,3
www.nosconectalasalud.com.warc.gz,0
www.novonordisk.es.warc.gz,2
www.nuestraenfermeria.es.warc.gz,3
www.nutricioncomunitaria.org.warc.gz,1
www.nutricion.org.warc.gz,5
www.nutricionysaludblog.com.warc.gz,0
www.nutrievidence.es.warc.gz,0
www.nutriguia.com.uy.warc.gz,5
www.observatoriodelaincontinencia.es.warc.gz,11
www.observatoriomedicinaintegrativa.org.warc.gz,0
www.observatoriorh.org.warc.gz,87
www.oftalmo.com.warc.gz,0
www.oftalmoseo.com.warc.gz,3
www.ojs.casosclinicosensaludmental.es.warc.gz,0
www.olympus.es.warc.gz,15
www.omsida.org.warc.gz,2
www.oncolligagirona.cat.warc.gz,10
www.oncomed.es.warc.gz,0
www.onconocimiento.net.warc.gz,0
www.oncosalud.pe.warc.gz,1
www.oncosur.org.warc.gz,4
www.ondax-scientific.com.warc.gz,0
www.onmeda.es.warc.gz,0
www.ont.es.warc.gz,29
www.orpha.net.warc.gz,0
www.ortodoncistas.biz.warc.gz,0
www.ortopediahugue.com.warc.gz,0
www.osakidetza.euskadi.eus.warc.gz,257
www.osman.es.warc.gz,11
www.osteoporosis.org.ar.warc.gz,1
www.outletsalud.com.warc.gz,0
www.owlmetabolomics.com.warc.gz,3
www.pacientesatm.com.warc.gz,5
www.pacientesonline.org.warc.gz,0
www.paho.org.warc.gz,169
www.palexmedical.com.warc.gz,17
www.paraninfo.es.warc.gz,0
www.parcdesalutmar.cat.warc.gz,7
www.pardell.es.warc.gz,0
www.parkinsonaragon.com.warc.gz,0
www.parkinsontebre.org.warc.gz,0
www.parkinson-valencia.com.warc.gz,0
www.parquehospitales.es.warc.gz,0
www.pasformacion.com.warc.gz,0
www.pediaclic.org.warc.gz,0
www.pediatriabasadaenpruebas.com.warc.gz,0
www.pediatriasalud.com.warc.gz,0
www.penesaludable.com.warc.gz,0
www.perioexpertise.es.warc.gz,1
www.perpetuosocorro.es.warc.gz,0
www.pfizerpro.es.warc.gz,1
www.pgdfarma.com.warc.gz,0
www.pharmaceutical-care.org.warc.gz,14
www.pharmatalents.es.warc.gz,1
www.pharmatech.es.warc.gz,0
www.phisies.com.warc.gz,0
www.phisios.com.warc.gz,0
www.picam.eu.warc.gz,0
www.picuida.es.warc.gz,2
www.pieldemariposa.es.warc.gz,1
www.pildoradeldiadespues.es.warc.gz,0
www.plataformafibromialgia.org.warc.gz,0
www.plussana.es.warc.gz,0
www.pmfarma.es.warc.gz,0
www.policiasdonantesmedula.es.warc.gz,1
www.policlinicabarcelona.es.warc.gz,0
www.policlinicamaresme.com.warc.gz,0
www.policlinicavolta.es.warc.gz,0
www.portalesmedicos.com.warc.gz,0
www.portalsato.es.warc.gz,309
www.povisa.es.warc.gz,1
www.practicumscript.education.warc.gz,0
www.practiser.net.warc.gz,2
www.pratsalut.es.warc.gz,0
www.prbb.org.warc.gz,3
www.prevencion.adeslas.es.warc.gz,0
www.prevencionsalud.com.ar.warc.gz,0
www.prim.es.warc.gz,4
www.proderma.org.warc.gz,0
www.progenie-molecular.com.warc.gz,1
www.promofar.com.warc.gz,0
www.promofarma.com.warc.gz,1
www.proyectohombreva.org.warc.gz,1
www.psicoactiva.com.warc.gz,0
www.psicomotricidad.com.warc.gz,0
www.psicosoc.org.warc.gz,0
www.psyncro.net.warc.gz,0
www.ptsgranada.com.warc.gz,0
www.puntomega.es.warc.gz,3
www.pxe-espana.com.warc.gz,0
www.pydesalud.com.warc.gz,0
www.quierosaber.org.warc.gz,0
www.quimica.es.warc.gz,0
www.quironsalud.es.warc.gz,21
www.quo.es.warc.gz,0
www.radioenciclopedia.cu.warc.gz,0
www.radiologyinfo.org.warc.gz,14
www.radioncologa.com.warc.gz,0
www.rafer.es.warc.gz,93
www.ramao.es.warc.gz,0
www.ramirezurologiaruberint.com.warc.gz,0
www.rarasperoreales.es.warc.gz,0
www.rauxa.org.warc.gz,0
www.reap.es.warc.gz,4
www.redaccionmedica.com.warc.gz,596
www.redgdps.org.warc.gz,154
www.redsac.es.warc.gz,5
www.redsaludandalucia.es.warc.gz,0
www.red-salud.com.warc.gz,0
www.remediospopulares.com.warc.gz,0
www.respirandoconvalor.org.warc.gz,3
www.respirar.org.warc.gz,0
www.reumamurcia.com.warc.gz,0
www.reumatologiaclinica.org.warc.gz,221
www.revactamedicacentro.sld.cu.warc.gz,0
www.revespcardiol.org.warc.gz,769
www.revisionesasma.com.warc.gz,0
www.revistaalimentaria.es.warc.gz,2
www.revistabuenasalud.es.warc.gz,0
www.revistadelaofil.org.warc.gz,28
www.revistadelasalud.com.warc.gz,0
www.revistanefrologia.com.warc.gz,219
www.revistaneurocirugia.com.warc.gz,0
www.revistaseden.org.warc.gz,78
www.riojasalud.es.warc.gz,53
www.rmcuerpo.net.warc.gz,0
www.roadtoalone.com.warc.gz,0
www.roche.es.warc.gz,1
www.rocvc.com.warc.gz,0
www.roemmers.com.ar.warc.gz,7
www.rticcc.org.warc.gz,7
www.ruber.es.warc.gz,0
www.ruberinternacional.es.warc.gz,0
www.sabervivir.es.warc.gz,0
www.sabervivirtv.com.warc.gz,0
www.sacrocraneal.org.warc.gz,0
www.sadar.org.warc.gz,2
www.sademi.com.warc.gz,2
www.saedyn.es.warc.gz,5
www.saei.org.warc.gz,12
www.sagij.org.ar.warc.gz,1
www.salud180.com.warc.gz,0
www.saludabit.es.warc.gz,0
www.saludadiario.es.warc.gz,0
www.saludalavista.com.warc.gz,0
www.saludalia.com.warc.gz,0
www.salud.com.sv.warc.gz,0
www.saludigestivo.es.warc.gz,29
www.saludinforma.es.warc.gz,18
www.salud.mapfre.es.warc.gz,0
www.saludmental.info.warc.gz,0
www.saludonnet.com.warc.gz,0
www.saludsa.com.warc.gz,4
www.saludsocialmedia.com.warc.gz,0
www.saludvaginal.es.warc.gz,0
www.saludyfamilia.es.warc.gz,11
www.saludyfarmacos.org.warc.gz,0
www.saludymedicinas.com.mx.warc.gz,0
www.salupedia.org.warc.gz,0
www.salusplay.com.warc.gz,0
www.sanateysana.com.warc.gz,0
www.sanatorioallende.com.warc.gz,5
www.sanatoriocovadonga.com.warc.gz,2
www.sanbartolome.gob.pe.warc.gz,0
www.sandozfarma.es.warc.gz,0
www.sanidadambiental.com.warc.gz,36
www.sanidadysaludmasterd.es.warc.gz,0
www.sanifax.es.warc.gz,0
www.saniform.es.warc.gz,0
www.sanitas.es.warc.gz,15
www.sanofi.es.warc.gz,0
www.sanpablosalud.com.pe.warc.gz,0
www.sap.org.ar.warc.gz,59
www.savalnet.cl.warc.gz,77
www.scias.cat.warc.gz,0
www.sci-geriatria.com.warc.gz,0
www.scurologia.cat.warc.gz,1
www.sdesalud.es.warc.gz,0
www.sea-acustica.es.warc.gz,168
www.seaic.es.warc.gz,0
www.seap.es.warc.gz,37
www.se-arteriosclerosis.org.warc.gz,0
www.secom.org.warc.gz,40
www.secot.es.warc.gz,38
www.secpal.com.warc.gz,9
www.sedar.es.warc.gz,24
www.sedem.org.warc.gz,0
www.seden.org.warc.gz,165
www.sediabetes.org.warc.gz,0
www.sedolor.es.warc.gz,2
www.sedom.es.warc.gz,2
www.sedyt.org.warc.gz,263
www.seedo.es.warc.gz,17
www.seei.es.warc.gz,0
www.seeo.org.warc.gz,0
www.sefac.org.warc.gz,32
www.sefertilidad.net.warc.gz,18
www.sefh.es.warc.gz,245
www.sefip.org.warc.gz,0
www.sefit.es.warc.gz,4
www.segenetica.es.warc.gz,4
www.segra-radiologia.com.warc.gz,3
www.seguridaddelpaciente.es.warc.gz,40
www.seguropia.es.warc.gz,0
www.seh-lelha.org.warc.gz,1
www.sehop.org.warc.gz,0
www.seicap.es.warc.gz,10
www.seimc.org.warc.gz,92
www.seisida.es.warc.gz,4
www.semal.org.warc.gz,0
www.semcc.com.warc.gz,7
www.seme.org.warc.gz,0
www.semergen.es.warc.gz,3
www.semesandalucia.es.warc.gz,4
www.semfyc.es.warc.gz,8
www.semg.es.warc.gz,27
www.semicyuc.org.warc.gz,13
www.semnim.es.warc.gz,5
www.semst.org.warc.gz,7
www.senefro.org.warc.gz,6
www.sen.es.warc.gz,15
www.sensibilidadquimicamultiple.org.warc.gz,0
www.seor.es.warc.gz,16
www.separasma.com.warc.gz,0
www.sepd.es.warc.gz,3
www.sepr.es.warc.gz,25
www.sepsiq.org.warc.gz,5
www.seq.es.warc.gz,1
www.seram.es.warc.gz,85
www.seressalud.com.ar.warc.gz,0
www.ser.es.warc.gz,34
www.sergas.gal.warc.gz,299
www.serginemedica.es.warc.gz,0
www.serme.es.warc.gz,2
www.ser-salud.com.warc.gz,0
www.serveisactius.cat.warc.gz,5
www.servicios-sanitarios-parque-centro.es.warc.gz,0
www.servidigest.com.warc.gz,0
www.serviredsalud.com.ar.warc.gz,0
www.servisreha.com.warc.gz,0
www.sesp.es.warc.gz,1
www.sespm.es.warc.gz,6
www.seth.es.warc.gz,7
www.setrade.org.warc.gz,3
www.sets.es.warc.gz,47
www.sfcsqm.com.warc.gz,0
www.siacardio.com.warc.gz,1
www.siass-urf.es.warc.gz,0
www.sinazucar.org.warc.gz,0
www.sindromedown.net.warc.gz,10
www.sindromefatigacronica.org.warc.gz,0
www.sindromewilliams.org.warc.gz,0
www.sindromexfragil.com.ar.warc.gz,0
www.siringomielia.org.warc.gz,0
www.sistemasgenomicos.com.warc.gz,9
www.sjd.es.warc.gz,8
www.sjdhospitalbarcelona.org.warc.gz,1
www.sld.cu.warc.gz,53
www.socalemfyc.org.warc.gz,2
www.socalpar.es.warc.gz,0
www.sochicar.cl.warc.gz,1
www.socidrogalcohol.org.warc.gz,29
www.sociedadglaucoma.com.warc.gz,7
www.sociedadvascadeurologia.com.warc.gz,5
www.socv.org.warc.gz,1
www.softwaremedilink.com.warc.gz,0
www.sogacopal.com.warc.gz,4
www.sogapar.info.warc.gz,8
www.sog-galicia.org.warc.gz,4
www.sollernet.com.warc.gz,0
www.solucionesong.org.warc.gz,19
www.somosmedicina.com.warc.gz,0
www.somospacientes.com.warc.gz,8
www.somospera.org.warc.gz,0
www.sopeba.org.warc.gz,19
www.soyenfermera.es.warc.gz,0
www.spp.org.py.warc.gz,0
www.srmfyc.es.warc.gz,1
www.srreumatologia.com.warc.gz,0
www.sumandoensalud.com.warc.gz,1
www.supersalud.gob.cl.warc.gz,337
www.svncardio.org.warc.gz,1
www.svreumatologia.com.warc.gz,21
www.synlab.es.warc.gz,3
www.tecno-med.es.warc.gz,1
www.teknon.es.warc.gz,2
www.telmeds.org.warc.gz,0
www.tenemosunaedad.com.warc.gz,4
www.teraxis.es.warc.gz,0
www.theprostatenet.org.warc.gz,4
www.ti.ubc.ca.warc.gz,2
www.todoestetica.com.warc.gz,0
www.todosida.org.warc.gz,2
www.topdoctors.es.warc.gz,5
www.torrafal.com.warc.gz,0
www.trasplantadoshepaticosdesevilla.com.warc.gz,0
www.tratamiento-drogas.com.warc.gz,0
www.traumasalut.net.warc.gz,0
www.traumatologia.cat.warc.gz,0
www.trcsalud.com.warc.gz,0
www.treachercollins.es.warc.gz,0
www.tremedica.org.warc.gz,17
www.tresc.org.warc.gz,0
www.tsalud.es.warc.gz,0
www.ttccgrupo.org.warc.gz,0
www.ttdgroup.org.warc.gz,1
www.ttmib.org.warc.gz,0
www.tuasaude.com.warc.gz,0
www.tuendocrinologo.com.warc.gz,0
www.tumedico.es.warc.gz,2
www.tuotromedico.com.warc.gz,0
www.tupediatraonline.com.warc.gz,0
www.tusplantasmedicinales.com.warc.gz,0
www.twistermedical.es.warc.gz,0
www.ua-cc.org.warc.gz,0
www.ucb-iberia.com.warc.gz,6
www.ucpval.com.warc.gz,0
www.udmfycdesevilla.com.warc.gz,0
www.uhmasalud.com.warc.gz,0
www.umms.org.warc.gz,18
www.unamanzanaaldia.es.warc.gz,0
www.unidaddeurologia.com.warc.gz,0
www.unilabs.es.warc.gz,0
www.upiip.com.warc.gz,21
www.upmedicos.es.warc.gz,1
www.uriach.com.warc.gz,4
www.urologiaclinicabilbao.com.warc.gz,1
www.urologiacuba.com.warc.gz,0
www.urologiaespecializada.com.warc.gz,0
www.urologiasanchinarro.com.warc.gz,0
www.urologiaserrateribal.com.warc.gz,0
www.urologosmadrid.com.warc.gz,0
www.uromurcia.es.warc.gz,0
www.urosassociats.com.warc.gz,0
www.urostar.com.warc.gz,0
www.vacunacion.com.ar.warc.gz,0
www.vacunas.org.warc.gz,4
www.vademecum.es.warc.gz,0
www.vallhebron.com.warc.gz,4
www.varifarma.com.ar.warc.gz,26
www.viamedbahiadecadiz.com.warc.gz,0
www.viamedmonegal.com.warc.gz,0
www.viamedmontecanal.com.warc.gz,0
www.viamednovo.com.warc.gz,0
www.viamedsalud.com.warc.gz,0
www.viamedsantaangeladelacruz.com.warc.gz,0
www.vidaysalud.com.warc.gz,0
www.viforpharma.es.warc.gz,0
www.vinaloposalud.com.warc.gz,27
www.virgendelalcazar.com.warc.gz,0
www.vista-laser.com.warc.gz,0
www.vivirconinsuficienciarenal.com.warc.gz,0
www.vivirmejor.com.warc.gz,0
www.web.ioba.es.warc.gz,0
www.webmd.com.warc.gz,12
www.wikiformulacion.com.warc.gz,0
www.xadol.cat.warc.gz,0
www.xarxatecla.cat.warc.gz,0
www.xenomica.eu.warc.gz,1
www.yolandaostomiayvida.com.warc.gz,0
xxicoruna.sergas.gal.warc.gz,4
xxivigo.sergas.gal.warc.gz,1
yourfamilydoctor.wordpress.com.warc.gz,0
zakiabdallah.com.warc.gz,0
