aathsevilla.blogspot.com.warc.gz,26
abaccobaleares.org.warc.gz,152
acabebizkaia.org.warc.gz,65
acecan.wordpress.com.warc.gz,255
acinar.es.warc.gz,62
actagastro.org.warc.gz,536
adaalfaro.blogspot.com.warc.gz,309
adabe.org.warc.gz,512
adaner.org.warc.gz,60
aeeed.com.warc.gz,203
aeeorl.es.warc.gz,271
aeomc.blogspot.com.warc.gz,1795
aepef.org.warc.gz,483
aepovac.es.warc.gz,74
aetr.net.warc.gz,742
afaga.com.warc.gz,390
afaibi.wordpress.com.warc.gz,206
afalaroda.es.warc.gz,33
afalasrozas.org.warc.gz,140
afalu.org.warc.gz,407
afarenacer.blogspot.com.warc.gz,76
afasierramagina.blogspot.com.warc.gz,75
afavalles.com.warc.gz,156
afeammiajadas.blogspot.com.warc.gz,502
agaela.es.warc.gz,187
agmasid.wordpress.com.warc.gz,111
agoracademia.cat.warc.gz,33
alborancentromedico.com.warc.gz,30
alcer.org.warc.gz,451
alcrebitealzheimer.blogspot.com.warc.gz,787
alergiaweb.com.warc.gz,185
alfinsalud.com.warc.gz,203
alimentosparadiabeticos.blogspot.com.warc.gz,10
alimentospedia.com.warc.gz,83
altiplanosalud.com.warc.gz,15
alzheimerarahal.blogspot.com.warc.gz,10
alzheimerlaciana.es.warc.gz,40
alzheimerleon.es.warc.gz,915
alzheimervillena.blogspot.com.warc.gz,276
amacmec.org.warc.gz,101
amarantoterapiaocupacional.com.warc.gz,2456
amdea.es.warc.gz,290
amepo.org.warc.gz,78
amf-semfyc.com.warc.gz,5115
amicat12.wordpress.com.warc.gz,41
analesdepediatria.org.warc.gz,4412
anatomiauv.jimdo.com.warc.gz,49
anestesialicante.com.warc.gz,232
anhidacoruna.com.warc.gz,277
animacentre.com.warc.gz,228
annalsdelsagratcor.wordpress.com.warc.gz,1051
anticoagulados.org.warc.gz,49
apec.org.mx.warc.gz,303
aplamancha.blogspot.com.warc.gz,7076
apoyopositivo.org.warc.gz,219
aptimacentreclinic.com.warc.gz,452
apuntesudomedicina.wordpress.com.warc.gz,12
ariadnagonzalezpsicologa.es.warc.gz,282
armonicosdeconciencia.blogspot.com.warc.gz,10616
ascama.org.warc.gz,1
asenhoa.es.warc.gz,1423
asocaliste.blogspot.com.warc.gz,8
asociacionabaimar.es.warc.gz,174
asociacionalzheimerhuercalovera.blogspot.com.warc.gz,18
asociacionluzdelamancha.wordpress.com.warc.gz,563
aspanijer.org.warc.gz,194
aspanion.es.warc.gz,181
asyd.es.warc.gz,257
atensionprimaria.wordpress.com.warc.gz,2135
atusalud.blogspot.com.warc.gz,2
auditoriamedica.wordpress.com.warc.gz,7272
aupsicomotricidad.org.warc.gz,1198
auxiliarenfermeriasgc.blogspot.com.warc.gz,106
ayucaronda.blogspot.com.warc.gz,44
barcelonamaculafound.org.warc.gz,952
bbhi.cat.warc.gz,420
benviure.com.warc.gz,90
bifap.aemps.es.warc.gz,15
biotenk.com.ar.warc.gz,13
blefaroplastia.es.warc.gz,323
blocfarminfo.ub.edu.warc.gz,8633
blogbioeticaybioderecho.blogspot.com.warc.gz,918
blogdelhipertenso.blogspot.com.warc.gz,256
blog.fundacionglobalsalud.es.warc.gz,44
blogsclerosismultiple.wordpress.com.warc.gz,3094
blogs.eltiempo.com.warc.gz,45326
borinot-mseguid.blogspot.com.warc.gz,3002
campussanofi.es.warc.gz,267
cancerdecabezaycuello.org.warc.gz,650
cancerprostata.info.warc.gz,579
cancersintomas.com.warc.gz,41
capacidadesespeciales.blogspot.com.warc.gz,1002
capsantjoanics.wordpress.com.warc.gz,2712
carreracancerpancreas.es.warc.gz,83
cateterdoblejota.com.warc.gz,677
ccimmunologia.wordpress.com.warc.gz,178
cenf4.blogspot.com.warc.gz,338
cenie.eu.warc.gz,936
centromedicoavanza.com.warc.gz,5
centromedicomilenium-nicasiogallego.sanitas.es.warc.gz,1
centrosaludmedinadelcampo.blogspot.com.warc.gz,3
centro-transfusion.san.gva.es.warc.gz,1
cimcyc.ugr.es.warc.gz,485
cirugiaplastica.review.warc.gz,70
cirujanosplasticosnicaragua.com.warc.gz,13
clinicaazahares.com.warc.gz,14
clinicaepsylon.com.warc.gz,12
clinicafuensanta.com.warc.gz,670
clinicasantjordi.com.warc.gz,2981
cmvademecum.es.warc.gz,51
colegiodemedicos.es.warc.gz,1128
colegioenfermeriacaceres.org.warc.gz,2168
comerbienesdivertido.blogspot.com.warc.gz,26
comerparavenceralcancer.com.warc.gz,2576
continuum.aeped.es.warc.gz,2014
curaesalud.com.warc.gz,64
deseomedicinal.blogspot.com.warc.gz,3434
diamundialautismo.com.warc.gz,1218
dianacuesta.com.warc.gz,2499
diariodecuidados.wordpress.com.warc.gz,838
diariosanitario.com.warc.gz,8308
dkvclubdesalud.dkvseguros.com.warc.gz,48486
docenciaalgemesi.blogspot.com.warc.gz,796
docenciacalvia.com.warc.gz,1140
doctablet.com.warc.gz,530
donaciondeorganos.gov.warc.gz,144
dracocomarch.com.warc.gz,4573
edu-in.blogspot.com.warc.gz,114
ehealthdonostia.com.warc.gz,137
elblogdelaaafh.wordpress.com.warc.gz,411
elblogdezoe.es.warc.gz,910
eldiariodesalud.com.warc.gz,3429
emalbacete.es.warc.gz,727
emergenciasmadrid.com.warc.gz,7172
enfeps.blogspot.com.warc.gz,7088
enferhemoes.blogspot.com.warc.gz,774
enfermerabloguerasite.wordpress.com.warc.gz,168
enfermeradetrinchera.blogspot.com.warc.gz,887
enfermeriacreativa.com.warc.gz,712
enfermeriaenlasombra.blogspot.com.warc.gz,1
enfermeriaysalud.es.warc.gz,221
enmovimiento.enfermerianavarra.com.warc.gz,216
entrechem.com.warc.gz,103
ep-ad.org.warc.gz,540
epanoramix.wordpress.com.warc.gz,222
epilepsiacantabria.blogspot.com.warc.gz,212
epilepsiaesagranincomprendida.es.warc.gz,25
epiymas.blogspot.com.warc.gz,2043
equipopoe.es.warc.gz,471
escalerasessalud.wordpress.com.warc.gz,654
escuela.diariomedico.com.warc.gz,23
es.familydoctor.org.warc.gz,1792
es.movember.com.warc.gz,348
espanol.arthritis.org.warc.gz,683
espanol.stjude.org.warc.gz,1716
espinabifida.cat.warc.gz,290
es.pneumowiki.org.warc.gz,56592
europacolonespana.org.warc.gz,86
experienciasensaluddesdecastrillon.blogspot.com.warc.gz,4277
facultad-de-medicina-blog.webnode.es.warc.gz,245
farmaceuticoscomunitarios.org.warc.gz,1
farmaciabolos.com.warc.gz,145
farmacosalud.com.warc.gz,2
feacab.org.warc.gz,43
fedaes.org.warc.gz,1938
feiipr.org.warc.gz,371
femh.org.warc.gz,539
fepa.es.warc.gz,1
fertilab.com.warc.gz,302
fibrosisquistica.org.warc.gz,159
fisiomedcervera.com.warc.gz,84
fisioterapiaoncologica.org.warc.gz,38
florenciaruisenor.blogspot.com.warc.gz,139
fmedicina.uib.es.warc.gz,115
fobiasraras.com.warc.gz,176
formacion.seguridaddelpaciente.es.warc.gz,8
formantia.es.warc.gz,307
foro.estudiabetes.org.warc.gz,3749
fue-estambul.es.warc.gz,132
fundacionanaed.es.warc.gz,2
fundacionestivillsueno.org.warc.gz,423
fundaciongasparcasal.org.warc.gz,180
getm.sen.es.warc.gz,263
grupo.farmaciastrebol.com.warc.gz,288
hablandoesalud.wordpress.com.warc.gz,1400
hacemosmedicina.jimdo.com.warc.gz,8
halitus.com.warc.gz,1858
herculessalud.com.warc.gz,322
hipocrates.tripod.com.warc.gz,1
hiponatremia.net.warc.gz,147
hospiten.com.warc.gz,2242
hugu.sescam.jccm.es.warc.gz,3478
icscampdetarragona.cat.warc.gz,1849
infodoctor.org.warc.gz,2358
inforeuma.com.warc.gz,348
inprf.gob.mx.warc.gz,8
ins.salud.gob.sv.warc.gz,117
institutobiomedicina.unileon.es.warc.gz,32
investigaciones-biomedicas.com.warc.gz,506
keramat.es.warc.gz,57
labataroja.com.warc.gz,1111
labrujanocturna.blogspot.com.warc.gz,16
lactosa.org.warc.gz,532
laesaludquequeremos.blogspot.com.warc.gz,1602
lafun.com.ar.warc.gz,5
lideresensalud.com.warc.gz,3
localizarlasalud.blogspot.com.warc.gz,176
loquetumediconotecuenta.blogspot.com.warc.gz,333
lupusvalencia.org.warc.gz,71
mediblogdefamilia.wordpress.com.warc.gz,1729
medicina21.com.warc.gz,8406
medicinaapuntes.blogspot.com.warc.gz,243
medicinadeportivamadrid.com.warc.gz,332
medicinafamiliar.uc.cl.warc.gz,1
medicina.ucm.es.warc.gz,2327
medicinaysaludpublica.com.warc.gz,13170
medicodesalud.com.warc.gz,1075
meiga.info.warc.gz,1329
metabolicas.sjdhospitalbarcelona.org.warc.gz,5079
miastenia.ong.warc.gz,90
miradiofrecuenciafacial.com.warc.gz,1069
miricinaparatodos.blogspot.com.warc.gz,53
movernos.com.warc.gz,992
netespana.org.warc.gz,48
neural.es.warc.gz,396
neurologia.diariomedico.com.warc.gz,33
neurorgs.net.warc.gz,636
nofun-eva.blogspot.com.warc.gz,102
nosinevidencia.wordpress.com.warc.gz,886
nosinmialergia.blogspot.com.warc.gz,1113
nutricionenlauem.wordpress.com.warc.gz,169
nutrimas.es.warc.gz,347
oafifoundation.com.warc.gz,613
ocularis.es.warc.gz,506
onahepatitis.org.warc.gz,213
on-enfermeria.com.warc.gz,388
osakidetzainfo.blogspot.com.warc.gz,3143
osalde.org.warc.gz,3543
pacienteradiologia.blogspot.com.warc.gz,155
pacientes.seicap.es.warc.gz,628
pediatrialluisalcanyis.com.warc.gz,88
plantasnet.blogspot.com.warc.gz,109
plussalud.com.ar.warc.gz,5
policlinicacomarcaldelvendrell.es.warc.gz,446
polimedicado.org.warc.gz,362
portal.guiasalud.es.warc.gz,1
portal.inen.sld.pe.warc.gz,411
posadasafama.blogspot.com.warc.gz,16
premedios.com.warc.gz,1
presoterapia.review.warc.gz,16
profesionales.adamedtv.com.warc.gz,35
psicoanalistasenmalaga.es.warc.gz,38
psicogerontologia.org.warc.gz,4478
psicologiareproductivahoy.wordpress.com.warc.gz,89
psoriasisenred.org.warc.gz,295
quierocuidarme.dkvsalud.es.warc.gz,2274
reflexionesdeunenfermero.blogspot.com.warc.gz,62
regic.org.warc.gz,7048
rehabilitacionpremiummadrid.com.warc.gz,1026
revistadeosteoporosisymetabolismomineral.com.warc.gz,925
revistafarmanatur.com.warc.gz,4012
revistasentir.com.warc.gz,2747
revitacellclinic.com.warc.gz,531
sagueda.com.warc.gz,2008
salientedeguardia.blogspot.com.warc.gz,85
saluddineroy.blogspot.com.warc.gz,14
saludineroap.blogspot.com.warc.gz,2119
saludinvestiga.blogspot.com.warc.gz,1896
saludsinbulos.com.warc.gz,198
saludybienestarcampodecriptana.blogspot.com.warc.gz,13
saludypoder.blogspot.com.warc.gz,3665
salutmental.csa.cat.warc.gz,407
sedisa.net.warc.gz,1007
sefm.es.warc.gz,1551
seminario18.biomedicinayetica.org.warc.gz,16
sepeap.org.warc.gz,3887
seram.es.warc.gz,8472
sergiiglesia.blogspot.com.warc.gz,858
sergiovano.blogspot.com.warc.gz,1057
serralco.es.warc.gz,6
serveisclinics.com.warc.gz,323
serv.es.warc.gz,106
sescam.castillalamancha.es.warc.gz,3486
sevillapromocionasalud.blogspot.com.warc.gz,1
sindromewilliamscantabria.blogspot.com.warc.gz,414
socialmediatica.com.warc.gz,1515
spark.adobe.com.warc.gz,990
stopsida.org.warc.gz,60
teledoc.urv.es.warc.gz,244777
telemedicalcalidaddevida.es.warc.gz,8
tengasalud.es.warc.gz,97
tevafarmacia.es.warc.gz,1671
ubes.es.warc.gz,133
ucienf.blogspot.com.warc.gz,7707
uciperu.com.warc.gz,17
ucmb.edu.py.warc.gz,462
urologiaaplicada.com.warc.gz,62
urologiadmr.es.warc.gz,51
varimed.ugr.es.warc.gz,2548
veritassanitatis.com.warc.gz,596
videlajuan.blogspot.com.warc.gz,7
videoteca.farmaceuticosdesevilla.es.warc.gz,1829
vostmadrid.org.warc.gz,102
webs.academia.cat.warc.gz,1
ww2.castellon.san.gva.es.warc.gz,1
www.aaacancer.org.warc.gz,6
www.acaai.co.warc.gz,19
www.acaci.es.warc.gz,45
www.acalefyc.com.warc.gz,212
www.accordsalud.com.ar.warc.gz,145
www.acnefi.org.warc.gz,4246
www.acoare.es.warc.gz,26
www.activalasalud.com.warc.gz,1361
www.adacebur.org.warc.gz,60
www.adaceclm.org.warc.gz,152
www.adaceco.org.warc.gz,379
www.adahta.es.warc.gz,9
www.ademaescuelauniversitaria.com.warc.gz,221
www.aeasarcomas.org.warc.gz,4406
www.aeemt.com.warc.gz,413
www.aelfa.org.warc.gz,646
www.aeoc.org.warc.gz,12
www.aepcc.org.warc.gz,392
www.aepnaa.org.warc.gz,68
www.aepsal.com.warc.gz,1636
www.aerscyl.org.warc.gz,479
www.aeseg.es.warc.gz,2534
www.aes.es.warc.gz,2
www.aespw.org.warc.gz,97
www.afa-araba.org.warc.gz,327
www.afabaix.org.warc.gz,1175
www.afabenalmadena.org.warc.gz,112
www.afacantabria.com.warc.gz,54
www.afacayle.es.warc.gz,582
www.afadal.org.warc.gz,103
www.afads.org.warc.gz,337
www.afalcala.org.warc.gz,49
www.afalct.org.warc.gz,512
www.afamacocentaina.org.warc.gz,44
www.afamaresme.org.warc.gz,415
www.afamon.com.warc.gz,20
www.afamuro.org.warc.gz,446
www.afanion.org.warc.gz,285
www.afapozuelo.org.warc.gz,1
www.afasantamarina.es.warc.gz,98
www.afatalavera.es.warc.gz,1
www.afavaldepenas.com.warc.gz,25
www.afavc.cat.warc.gz,5
www.afavejer.org.warc.gz,22
www.afaxixona.es.warc.gz,41
www.afectamur.es.warc.gz,36
www.afedaz.es.warc.gz,95
www.agorasanitaria.com.warc.gz,17
www.ahiadec.com.warc.gz,1134
www.alcercantabria.com.warc.gz,69
www.alcoholicos-anonimos.org.warc.gz,168
www.alcon.es.warc.gz,62
www.alergo.cat.warc.gz,190
www.aliansalud.com.co.warc.gz,1
www.alliance-healthcare.es.warc.gz,142
www.alzfae.org.warc.gz,2994
www.alzheimerastorga.es.warc.gz,121
www.alzheimeravila.com.warc.gz,161
www.alzheimerosona.com.warc.gz,311
www.alzheimersevilla.com.warc.gz,8
www.alzheimerzamora.com.warc.gz,7751
www.amisuco.org.warc.gz,31
www.ampap.es.warc.gz,540
www.ampros.org.warc.gz,4
www.anatomiamv.es.warc.gz,113
www.andrearegina.com.warc.gz,1
www.anlis.gov.ar.warc.gz,11404
www.apascide.org.warc.gz,1983
www.aquilea.com.warc.gz,1138
www.areasaludbadajoz.com.warc.gz,1038
www.areasaludcaceres.es.warc.gz,6672
www.argentinadiabetes.org.warc.gz,633
www.arpaafasia.es.warc.gz,285
www.asalfa.org.ar.warc.gz,74
www.asanhemo.org.warc.gz,736
www.ascolcyl.org.warc.gz,9
www.asecma.org.warc.gz,437
www.asemmadrid.org.warc.gz,1142
www.asmamadrid.org.warc.gz,64
www.asmanet.es.warc.gz,685
www.asociacionarme.org.warc.gz,70
www.asociacionauvea.es.warc.gz,135
www.asociacion-caminando.org.warc.gz,2
www.asocide.org.warc.gz,1240
www.aspronis.com.warc.gz,646
www.astursalud.es.warc.gz,2962
www.atlantida.net.warc.gz,683
www.aucex.es.warc.gz,27
www.avantmedic.com.warc.gz,1810
www.aveaca.org.ar.warc.gz,171
www.avericum.com.warc.gz,134
www.avpap.org.warc.gz,192
www.azusalud.com.warc.gz,327
www.b1b2b3.org.warc.gz,1
www.bancofarmaceutico.es.warc.gz,1723
www.bcnpatolegs.com.warc.gz,11
www.behcet.es.warc.gz,8566
www.bibliosalut.com.warc.gz,7754
www.biodonostia.org.warc.gz,942
www.biopat.es.warc.gz,249
www.biosim.es.warc.gz,906
www.blog.iacsaragon.es.warc.gz,267
www.borealsalud.com.ar.warc.gz,11
www.bvsspa.es.warc.gz,961
www.cabd.es.warc.gz,351
www.cadime.es.warc.gz,4
www.canaldiabetes.com.warc.gz,3581
www.cancerdepiel.org.warc.gz,66
www.cancer.net.warc.gz,5671
www.cancer.org.warc.gz,820
www.cantabrialabs.es.warc.gz,485
www.carlosboveda.com.warc.gz,2856
www.carneysalud.com.warc.gz,435
www.casadesalud.es.warc.gz,279
www.ccmijesususon.com.warc.gz,529
www.ceife.es.warc.gz,5
www.celiacos.org.warc.gz,1136
www.centromedicobenviure.com.warc.gz,14
www.centromedicocatalunya.com.warc.gz,58
www.centro-medico.com.warc.gz,29
www.centromedicoelcarmen.es.warc.gz,383
www.centromiguelnaranjo.com.warc.gz,12
www.centroulcerascronicas.com.warc.gz,166
www.ciber-bbn.es.warc.gz,1461
www.ciberer.es.warc.gz,2378
www.cibersam.es.warc.gz,1180
www.ciccartuja.es.warc.gz,1010
www.cienciasinseso.com.warc.gz,1811
www.cifchile.cl.warc.gz,137
www.cinfasalud.com.warc.gz,342
www.cirujanosplasticosmadrid.com.warc.gz,432
www.clinica-atenea.com.warc.gz,296
www.clinicacampoamor.com.warc.gz,55
www.clinicadentalcesargallego.com.warc.gz,13
www.clinicaoliveguma.es.warc.gz,190
www.clinicaplanas.com.warc.gz,2274
www.clinicareinafabiola.com.ar.warc.gz,469
www.clinicaremei.org.warc.gz,1233
www.clinicasanmiguel.es.warc.gz,231
www.clinicasanseveriano.com.warc.gz,11
www.clinica-santa-elena.org.warc.gz,1029
www.clinicasguadalhorce.com.warc.gz,256
www.clinicaslobo.es.warc.gz,156
www.clubdelhipertenso.es.warc.gz,10
www.cmbergueda.com.warc.gz,1
www.cmedicmartorell.com.warc.gz,57
www.cmm-sl.com.warc.gz,30
www.cmrb.eu.warc.gz,406
www.codinma.es.warc.gz,53
www.cofb.org.warc.gz,719
www.cometelasopa.com.warc.gz,3199
www.concienciaynutricion.es.warc.gz,18
www.confepar.org.warc.gz,85
www.congresosemi.org.warc.gz,240
www.consalud.es.warc.gz,3153
www.consejogeneralenfermeria.org.warc.gz,50789
www.consultorsalud.com.warc.gz,5831
www.contralameningitis.org.warc.gz,126
www.coreadehcyl.org.warc.gz,46
www.cornersalud.com.warc.gz,630
www.crecimiento.org.warc.gz,13
www.creu-blanca.es.warc.gz,2537
www.cronicidadhoy.es.warc.gz,297
www.csdm.cat.warc.gz,1
www.csi.cat.warc.gz,1072
www.danielandres.es.warc.gz,132
www.davidarehabilitacion.com.warc.gz,161
www.delavegaruiz.es.warc.gz,30
www.diabetenerife.org.warc.gz,3
www.diabetesinfantilcht.com.warc.gz,20
www.diabeweb.com.warc.gz,7517
www.diatros.com.warc.gz,322
www.dipex.es.warc.gz,2693
www.divasa-farmavic.com.warc.gz,188
www.doctorafortuny.com.warc.gz,73
www.doctordanielgonzalez.com.warc.gz,947
www.doctormartinezgutierrez.com.warc.gz,709
www.docvadis.es.warc.gz,27
www.dolordecabeza.net.warc.gz,55
www.dosemociones.com.warc.gz,16
www.drogomedia.com.warc.gz,1274
www.easydna.es.warc.gz,305
www.ecured.cu.warc.gz,296075
www.ee.lafe.san.gva.es.warc.gz,20
www.efisioterapia.net.warc.gz,11
www.eiviluxury.com.warc.gz,395
www.elblogazul.es.warc.gz,672
www.elea.com.warc.gz,503
www.elenaconde.com.warc.gz,388
www.elhospital.com.warc.gz,5
www.embarazoymas.net.warc.gz,2351
www.emvet.es.warc.gz,42
www.ene-enfermeria.org.warc.gz,1965
www.enfermeriacantabria.com.warc.gz,5457
www.enfermeriaencardiologia.com.warc.gz,3545
www.enfermerialava.org.warc.gz,240
www.enfermeriaperu.com.warc.gz,305
www.enfermeriarespira.es.warc.gz,175
www.enfersalud.com.warc.gz,5640
www.eresa.com.warc.gz,471
www.esalud.com.warc.gz,3196
www.esclerosismultiple.es.warc.gz,33
www.escueladesaludgallego.es.warc.gz,71
www.esportadaptat.cat.warc.gz,1
www.estevefarma.com.warc.gz,387
www.eunate.org.warc.gz,224
www.eupharlaw.com.warc.gz,1921
www.eviclinic.es.warc.gz,8
www.eyriesalud.com.warc.gz,813
www.fac.org.ar.warc.gz,34635
www.fafac.cat.warc.gz,1008
www.farmaceuticoscomunitarios.org.warc.gz,16638
www.fcd.cat.warc.gz,40
www.fcv.org.warc.gz,1215
www.fecpc.cat.warc.gz,9215
www.fedacam.org.warc.gz,30
www.fedeepilepsia.org.warc.gz,2
www.fejidif.org.warc.gz,540
www.femacpa.com.warc.gz,149
www.fem.es.warc.gz,500
www.ferato.com.warc.gz,17081
www.fevafa.org.warc.gz,568
www.ffis.es.warc.gz,3252
www.fibrosiquistica.org.warc.gz,1040
www.fidic.org.co.warc.gz,35
www.fisiofocus.com.warc.gz,1363
www.fisios.net.warc.gz,14
www.fisioterapia-online.com.warc.gz,7264
www.fisioterapiaonline.com.warc.gz,80
www.fleni.org.ar.warc.gz,559
www.fontilles.org.warc.gz,61
www.for-emer.com.warc.gz,1
www.fqgalicia.org.warc.gz,41
www.fuesmen.edu.ar.warc.gz,120
www.fundaciolluisalcanyis.org.warc.gz,726
www.fundacion-alborada.org.warc.gz,212
www.fundacionalzheimer.com.warc.gz,41
www.fundacioncadah.org.warc.gz,1
www.fundaciondelcorazon.com.warc.gz,2160
www.fundacionendeu.org.warc.gz,415
www.fundacionisys.org.warc.gz,1397
www.fundacionpfizer.org.warc.gz,374
www.fundacionquaes.org.warc.gz,470
www.fundacionriojasalud.org.warc.gz,406
www.fundacionsalesa.org.warc.gz,204
www.fundaleu.org.warc.gz,110
www.fundesoasturias.com.warc.gz,53
www.gacetamedica.com.warc.gz,8838
www.garrahan.gov.ar.warc.gz,2602
www.gemasma.com.warc.gz,202
www.genyca.es.warc.gz,3164
www.geosalud.com.warc.gz,3364
www.gicor.es.warc.gz,1
www.grupagata.org.warc.gz,1107
www.grupatra.org.warc.gz,1235
www.grupgoco.org.warc.gz,135
www.grupoalter.es.warc.gz,85
www.grupogamma.com.warc.gz,16791
www.gruposolti.org.warc.gz,840
www.guiadeenfermeria.org.warc.gz,65
www.guttmann.com.warc.gz,7643
www.haysoluciones.com.warc.gz,84
www.hefame.es.warc.gz,250
www.hematologiamadrid.org.warc.gz,173
www.hemofiliabizkaia.com.warc.gz,17
www.hemofilia.cat.warc.gz,252
www.hidesaragon.org.warc.gz,125
www.hidesasturias.com.warc.gz,463
www.hmcinac.com.warc.gz,3220
www.hmmadrid.com.warc.gz,2876
www.hmtorrelodones.com.warc.gz,2875
www.hospitalcima.es.warc.gz,474
www.hospitaldejove.com.warc.gz,1176
www.hospitaldelareina.com.warc.gz,197
www.hospitallapaloma.com.warc.gz,638
www.hospitallosmadronos.es.warc.gz,5
www.hospitalprovincial.es.warc.gz,994
www.hospitalsanrafael.es.warc.gz,478
www.hospitalsantaclotilde.es.warc.gz,1332
www.hospitalsierrallana.com.warc.gz,363
www.hospitalvot.es.warc.gz,136
www.hsnstore.com.warc.gz,370
www.husc.es.warc.gz,892
www.ibgm.med.uva.es.warc.gz,174
www.ibis-sevilla.es.warc.gz,4480
www.ibsalut.es.warc.gz,4761
www.ibv.org.warc.gz,7264
www.icba.com.ar.warc.gz,1
www.icic.es.warc.gz,134
www.idiapjgol.org.warc.gz,983
www.idibaps.org.warc.gz,1235
www.idic15q.com.warc.gz,34
www.idipaz.es.warc.gz,17
www.idisantiago.es.warc.gz,84
www.idisna.es.warc.gz,623
www.idissc.org.warc.gz,169
www.iecs.org.ar.warc.gz,4143
www.ifibyne.fcen.uba.ar.warc.gz,201
www.ifi-promesa.com.ec.warc.gz,37
www.igerontologico.com.warc.gz,3221
www.ige.sld.cu.warc.gz,19
www.iisgaliciasur.es.warc.gz,284
www.iisgm.com.warc.gz,608
www.iislafe.es.warc.gz,1922
www.iis-princesa.org.warc.gz,105821
www.ikerbasque.net.warc.gz,1121
www.imagendiagnostica.es.warc.gz,150
www.imdsd.es.warc.gz,28
www.imedelche.com.warc.gz,1460
www.imim.es.warc.gz,3334
www.impulsoraysalud.com.warc.gz,33
www.inan.gov.py.warc.gz,238
www.incan-mexico.org.warc.gz,2469
www.inciensa.sa.cr.warc.gz,210
www.iner.salud.gob.mx.warc.gz,1
www.infermeravirtual.com.warc.gz,5323
www.infocif.es.warc.gz,45529
www.info-salud.net.warc.gz,5034
www.inibic.es.warc.gz,233
www.inkafarma.com.pe.warc.gz,276
www.interalia.es.warc.gz,21
www.invesbiofarm.com.warc.gz,92
www.iram.cl.warc.gz,89
www.irflasalle.es.warc.gz,113
www.irsicaixa.es.warc.gz,2709
www.isglobal.org.warc.gz,57179
www.itemas.org.warc.gz,1514
www.iuct.com.warc.gz,2908
www.ivanesalud.com.warc.gz,1041
www.ivo.es.warc.gz,564
www.jornadasbibliosalud.es.warc.gz,7
www.josemanuelpascualpascual.es.warc.gz,33
www.labolife.com.warc.gz,303
www.laboratoriosbernabo.com.warc.gz,119
www.laespanolasalud.com.warc.gz,293
www.lafactoriacuidando.com.warc.gz,708
www.laringealava.org.warc.gz,4
www.leitat.org.warc.gz,1284
www.lilly.es.warc.gz,179
www.linfedemagalicia.com.warc.gz,594
www.lire.es.warc.gz,37
www.logopedasaragon.com.warc.gz,401
www.logopedascantabria.org.warc.gz,57
www.lupusvalencia.org.warc.gz,71
www.manantial-salud.com.warc.gz,2909
www.marfan.es.warc.gz,49
www.marietan.com.warc.gz,8
www.mastocitosis.com.warc.gz,2483
www.matiafundazioa.net.warc.gz,798
www.medblog.es.warc.gz,213
www.medicinaclara.tv.warc.gz,1912
www.medicina-intensiva.com.warc.gz,2014
www.medicinapersonalizadagenomica.com.warc.gz,776
www.medicinasalternativas.online.warc.gz,18
www.medicina.udl.cat.warc.gz,732
www.mediconecta.com.warc.gz,1653
www.medicosdemurcia.com.warc.gz,5160
www.medicosderonda.es.warc.gz,45
www.medicoslaspalmas.es.warc.gz,4516
www.medicosmir.com.warc.gz,1436
www.medicosresidentes.com.warc.gz,124
www.medinadiscovery.com.warc.gz,176
www.medintensiva.org.warc.gz,4462
www.medscape.com.warc.gz,86179
www.med.uva.es.warc.gz,2474
www.melanomaespana.es.warc.gz,555
www.menarini.es.warc.gz,534
www.midietacojea.com.warc.gz,1333
www.mitrestorres.com.warc.gz,1
www.montesalud.com.warc.gz,239
www.mundotorrino.com.warc.gz,384
www.muyinteresante.es.warc.gz,180
www.muysaludable.cl.warc.gz,910
www.mylan.es.warc.gz,49
www.nagen1000navarra.es.warc.gz,196
www.navarrabiomed.es.warc.gz,3797
www.navarra.es.warc.gz,92972
www.neuropsicolatina.org.warc.gz,1222
www.newmedicaleconomics.es.warc.gz,5988
www.neyro.com.warc.gz,2
www.nirco.com.warc.gz,12854
www.noonanasturias.com.warc.gz,11
www.normassalud.com.warc.gz,624
www.nutricioncomunitaria.org.warc.gz,48
www.nutricion.org.warc.gz,79
www.nutriguia.com.uy.warc.gz,568
www.oftalmo.com.warc.gz,621
www.ojs.casosclinicosensaludmental.es.warc.gz,535
www.oncomed.es.warc.gz,459
www.onconocimiento.net.warc.gz,2619
www.oncosalud.pe.warc.gz,407
www.ondax-scientific.com.warc.gz,88
www.onmeda.es.warc.gz,11573
www.orpha.net.warc.gz,22812
www.owlmetabolomics.com.warc.gz,949
www.pacientesatm.com.warc.gz,210
www.paho.org.warc.gz,94301
www.palexmedical.com.warc.gz,2103
www.paraninfo.es.warc.gz,5571
www.parkinsonaragon.com.warc.gz,975
www.pediatriasalud.com.warc.gz,1034
www.penesaludable.com.warc.gz,467
www.pfizerpro.es.warc.gz,6
www.pharmaceutical-care.org.warc.gz,783
www.phisios.com.warc.gz,468
www.picuida.es.warc.gz,33178
www.pieldemariposa.es.warc.gz,357
www.pildoradeldiadespues.es.warc.gz,210
www.plataformafibromialgia.org.warc.gz,1
www.policlinicabarcelona.es.warc.gz,59
www.policlinicamaresme.com.warc.gz,592
www.portalesmedicos.com.warc.gz,275411
www.practicumscript.education.warc.gz,397
www.practiser.net.warc.gz,206
www.prbb.org.warc.gz,1121
www.prim.es.warc.gz,6826
www.proderma.org.warc.gz,34
www.promofarma.com.warc.gz,432564
www.proyectohombreva.org.warc.gz,830
www.pxe-espana.com.warc.gz,16
www.pydesalud.com.warc.gz,1683
www.quierosaber.org.warc.gz,35
www.radiologyinfo.org.warc.gz,6977
www.radioncologa.com.warc.gz,801
www.ramirezurologiaruberint.com.warc.gz,29
www.reap.es.warc.gz,26
www.remediospopulares.com.warc.gz,7649
www.respirandoconvalor.org.warc.gz,48
www.respirar.org.warc.gz,2714
www.reumatologiaclinica.org.warc.gz,4537
www.revactamedicacentro.sld.cu.warc.gz,3714
www.revespcardiol.org.warc.gz,36898
www.revisionesasma.com.warc.gz,294
www.revistabuenasalud.es.warc.gz,384
www.revistaseden.org.warc.gz,1563
www.riojasalud.es.warc.gz,3058
www.rmcuerpo.net.warc.gz,179
www.rocvc.com.warc.gz,214
www.ruber.es.warc.gz,1879
www.sadar.org.warc.gz,109
www.sademi.com.warc.gz,236
www.saei.org.warc.gz,515
www.salud180.com.warc.gz,11922
www.saludalavista.com.warc.gz,1613
www.saludalia.com.warc.gz,858
www.salud.com.sv.warc.gz,142
www.saludigestivo.es.warc.gz,443
www.saludinforma.es.warc.gz,2928
www.saludmental.info.warc.gz,1
www.salusplay.com.warc.gz,2365
www.sanifax.es.warc.gz,32
www.savalnet.cl.warc.gz,15557
www.scias.cat.warc.gz,1
www.sci-geriatria.com.warc.gz,53049
www.sdesalud.es.warc.gz,37
www.secot.es.warc.gz,2298
www.sedem.org.warc.gz,1
www.seden.org.warc.gz,4858
www.sediabetes.org.warc.gz,116
www.sedolor.es.warc.gz,1784
www.sedyt.org.warc.gz,1246
www.sefip.org.warc.gz,569
www.sefit.es.warc.gz,1247
www.seicap.es.warc.gz,1328
www.semfyc.es.warc.gz,2343
www.semg.es.warc.gz,8360
www.semicyuc.org.warc.gz,17624
www.semnim.es.warc.gz,124
www.separasma.com.warc.gz,124
www.ser-salud.com.warc.gz,4
www.servicios-sanitarios-parque-centro.es.warc.gz,20
www.seth.es.warc.gz,3890
www.siacardio.com.warc.gz,2425
www.sindromewilliams.org.warc.gz,37
www.sindromexfragil.com.ar.warc.gz,1
www.sistemasgenomicos.com.warc.gz,1158
www.socalemfyc.org.warc.gz,484
www.socidrogalcohol.org.warc.gz,994
www.sociedadvascadeurologia.com.warc.gz,346
www.sog-galicia.org.warc.gz,31
www.sollernet.com.warc.gz,61
www.solucionesong.org.warc.gz,11009
www.somospacientes.com.warc.gz,14194
www.sopeba.org.warc.gz,342
www.soyenfermera.es.warc.gz,570
www.supersalud.gob.cl.warc.gz,8370
www.svncardio.org.warc.gz,214
www.svreumatologia.com.warc.gz,583
www.synlab.es.warc.gz,329
www.teraxis.es.warc.gz,21
www.todoestetica.com.warc.gz,26266
www.torrafal.com.warc.gz,12
www.trcsalud.com.warc.gz,35
www.ttccgrupo.org.warc.gz,41
www.tuotromedico.com.warc.gz,5502
www.tupediatraonline.com.warc.gz,7258
www.tusplantasmedicinales.com.warc.gz,429
www.twistermedical.es.warc.gz,13805
www.unamanzanaaldia.es.warc.gz,250
www.uriach.com.warc.gz,923
www.urologiacuba.com.warc.gz,68
www.urologosmadrid.com.warc.gz,64
www.uromurcia.es.warc.gz,125
www.urosassociats.com.warc.gz,24
www.urostar.com.warc.gz,35
www.varifarma.com.ar.warc.gz,720
www.viamedmonegal.com.warc.gz,328
www.viamedmontecanal.com.warc.gz,2
www.viforpharma.es.warc.gz,23
www.web.ioba.es.warc.gz,3
www.xenomica.eu.warc.gz,3407
www.yolandaostomiayvida.com.warc.gz,205
yourfamilydoctor.wordpress.com.warc.gz,876
